CRITICAL - 2024-11-20 01:47:29 --> Cannot access offset of type string on string
in APPPATH\Views\usuarios\usuarios.php on line 293.
 1 SYSTEMPATH\View\View.php(226): include()
 2 SYSTEMPATH\View\View.php(229): CodeIgniter\View\View->CodeIgniter\View\{closure}()
 3 SYSTEMPATH\Common.php(1188): CodeIgniter\View\View->render('usuarios/usuarios', [], true)
 4 APPPATH\Controllers\Auth.php(358): view('usuarios/usuarios', [...])
 5 SYSTEMPATH\CodeIgniter.php(919): App\Controllers\Auth->index()
 6 SYSTEMPATH\CodeIgniter.php(494): CodeIgniter\CodeIgniter->runController(Object(App\Controllers\Auth))
 7 SYSTEMPATH\CodeIgniter.php(353): CodeIgniter\CodeIgniter->handleRequest(null, Object(Config\Cache), false)
 8 FCPATH\index.php(79): CodeIgniter\CodeIgniter->run()
CRITICAL - 2024-11-20 02:19:12 --> Invalid file: "venta/editar.php"
in SYSTEMPATH\Exceptions\FrameworkException.php on line 39.
 1 SYSTEMPATH\View\View.php(214): CodeIgniter\Exceptions\FrameworkException::forInvalidFile('venta/editar.php')
 2 SYSTEMPATH\Common.php(1188): CodeIgniter\View\View->render('venta/editar', [], true)
 3 APPPATH\Controllers\Ventas.php(177): view('venta/editar', [...])
 4 SYSTEMPATH\CodeIgniter.php(919): App\Controllers\Ventas->editar('1')
 5 SYSTEMPATH\CodeIgniter.php(494): CodeIgniter\CodeIgniter->runController(Object(App\Controllers\Ventas))
 6 SYSTEMPATH\CodeIgniter.php(353): CodeIgniter\CodeIgniter->handleRequest(null, Object(Config\Cache), false)
 7 FCPATH\index.php(79): CodeIgniter\CodeIgniter->run()
CRITICAL - 2024-11-20 02:19:18 --> Invalid file: "venta/ver.php"
in SYSTEMPATH\Exceptions\FrameworkException.php on line 39.
 1 SYSTEMPATH\View\View.php(214): CodeIgniter\Exceptions\FrameworkException::forInvalidFile('venta/ver.php')
 2 SYSTEMPATH\Common.php(1188): CodeIgniter\View\View->render('venta/ver', [], true)
 3 APPPATH\Controllers\Ventas.php(204): view('venta/ver', [...])
 4 SYSTEMPATH\CodeIgniter.php(919): App\Controllers\Ventas->ver('1')
 5 SYSTEMPATH\CodeIgniter.php(494): CodeIgniter\CodeIgniter->runController(Object(App\Controllers\Ventas))
 6 SYSTEMPATH\CodeIgniter.php(353): CodeIgniter\CodeIgniter->handleRequest(null, Object(Config\Cache), false)
 7 FCPATH\index.php(79): CodeIgniter\CodeIgniter->run()
CRITICAL - 2024-11-20 02:45:09 --> Invalid file: "venta/ver.php"
in SYSTEMPATH\Exceptions\FrameworkException.php on line 39.
 1 SYSTEMPATH\View\View.php(214): CodeIgniter\Exceptions\FrameworkException::forInvalidFile('venta/ver.php')
 2 SYSTEMPATH\Common.php(1188): CodeIgniter\View\View->render('venta/ver', [], true)
 3 APPPATH\Controllers\Ventas.php(204): view('venta/ver', [...])
 4 SYSTEMPATH\CodeIgniter.php(919): App\Controllers\Ventas->ver('1')
 5 SYSTEMPATH\CodeIgniter.php(494): CodeIgniter\CodeIgniter->runController(Object(App\Controllers\Ventas))
 6 SYSTEMPATH\CodeIgniter.php(353): CodeIgniter\CodeIgniter->handleRequest(null, Object(Config\Cache), false)
 7 FCPATH\index.php(79): CodeIgniter\CodeIgniter->run()
CRITICAL - 2024-11-20 02:47:19 --> Invalid file: "venta/verVentas.php"
in SYSTEMPATH\Exceptions\FrameworkException.php on line 39.
 1 SYSTEMPATH\View\View.php(214): CodeIgniter\Exceptions\FrameworkException::forInvalidFile('venta/verVentas.php')
 2 SYSTEMPATH\Common.php(1188): CodeIgniter\View\View->render('venta/verVentas', [], true)
 3 APPPATH\Controllers\Ventas.php(215): view('venta/verVentas', [...])
 4 SYSTEMPATH\CodeIgniter.php(919): App\Controllers\Ventas->ver('1')
 5 SYSTEMPATH\CodeIgniter.php(494): CodeIgniter\CodeIgniter->runController(Object(App\Controllers\Ventas))
 6 SYSTEMPATH\CodeIgniter.php(353): CodeIgniter\CodeIgniter->handleRequest(null, Object(Config\Cache), false)
 7 FCPATH\index.php(79): CodeIgniter\CodeIgniter->run()
CRITICAL - 2024-11-20 02:47:21 --> Invalid file: "venta/verVentas.php"
in SYSTEMPATH\Exceptions\FrameworkException.php on line 39.
 1 SYSTEMPATH\View\View.php(214): CodeIgniter\Exceptions\FrameworkException::forInvalidFile('venta/verVentas.php')
 2 SYSTEMPATH\Common.php(1188): CodeIgniter\View\View->render('venta/verVentas', [], true)
 3 APPPATH\Controllers\Ventas.php(215): view('venta/verVentas', [...])
 4 SYSTEMPATH\CodeIgniter.php(919): App\Controllers\Ventas->ver('1')
 5 SYSTEMPATH\CodeIgniter.php(494): CodeIgniter\CodeIgniter->runController(Object(App\Controllers\Ventas))
 6 SYSTEMPATH\CodeIgniter.php(353): CodeIgniter\CodeIgniter->handleRequest(null, Object(Config\Cache), false)
 7 FCPATH\index.php(79): CodeIgniter\CodeIgniter->run()
CRITICAL - 2024-11-20 02:47:23 --> Invalid file: "venta/verVentas.php"
in SYSTEMPATH\Exceptions\FrameworkException.php on line 39.
 1 SYSTEMPATH\View\View.php(214): CodeIgniter\Exceptions\FrameworkException::forInvalidFile('venta/verVentas.php')
 2 SYSTEMPATH\Common.php(1188): CodeIgniter\View\View->render('venta/verVentas', [], true)
 3 APPPATH\Controllers\Ventas.php(215): view('venta/verVentas', [...])
 4 SYSTEMPATH\CodeIgniter.php(919): App\Controllers\Ventas->ver('1')
 5 SYSTEMPATH\CodeIgniter.php(494): CodeIgniter\CodeIgniter->runController(Object(App\Controllers\Ventas))
 6 SYSTEMPATH\CodeIgniter.php(353): CodeIgniter\CodeIgniter->handleRequest(null, Object(Config\Cache), false)
 7 FCPATH\index.php(79): CodeIgniter\CodeIgniter->run()
CRITICAL - 2024-11-20 02:51:44 --> Invalid file: "venta/verVentas.php"
in SYSTEMPATH\Exceptions\FrameworkException.php on line 39.
 1 SYSTEMPATH\View\View.php(214): CodeIgniter\Exceptions\FrameworkException::forInvalidFile('venta/verVentas.php')
 2 SYSTEMPATH\Common.php(1188): CodeIgniter\View\View->render('venta/verVentas', [], true)
 3 APPPATH\Controllers\Ventas.php(215): view('venta/verVentas', [...])
 4 SYSTEMPATH\CodeIgniter.php(919): App\Controllers\Ventas->ver('1')
 5 SYSTEMPATH\CodeIgniter.php(494): CodeIgniter\CodeIgniter->runController(Object(App\Controllers\Ventas))
 6 SYSTEMPATH\CodeIgniter.php(353): CodeIgniter\CodeIgniter->handleRequest(null, Object(Config\Cache), false)
 7 FCPATH\index.php(79): CodeIgniter\CodeIgniter->run()
CRITICAL - 2024-11-20 02:51:45 --> Invalid file: "venta/verVentas.php"
in SYSTEMPATH\Exceptions\FrameworkException.php on line 39.
 1 SYSTEMPATH\View\View.php(214): CodeIgniter\Exceptions\FrameworkException::forInvalidFile('venta/verVentas.php')
 2 SYSTEMPATH\Common.php(1188): CodeIgniter\View\View->render('venta/verVentas', [], true)
 3 APPPATH\Controllers\Ventas.php(215): view('venta/verVentas', [...])
 4 SYSTEMPATH\CodeIgniter.php(919): App\Controllers\Ventas->ver('1')
 5 SYSTEMPATH\CodeIgniter.php(494): CodeIgniter\CodeIgniter->runController(Object(App\Controllers\Ventas))
 6 SYSTEMPATH\CodeIgniter.php(353): CodeIgniter\CodeIgniter->handleRequest(null, Object(Config\Cache), false)
 7 FCPATH\index.php(79): CodeIgniter\CodeIgniter->run()
CRITICAL - 2024-11-20 02:52:32 --> Invalid file: "venta/verVentas.php"
in SYSTEMPATH\Exceptions\FrameworkException.php on line 39.
 1 SYSTEMPATH\View\View.php(214): CodeIgniter\Exceptions\FrameworkException::forInvalidFile('venta/verVentas.php')
 2 SYSTEMPATH\Common.php(1188): CodeIgniter\View\View->render('venta/verVentas', [], true)
 3 APPPATH\Controllers\Ventas.php(215): view('venta/verVentas', [...])
 4 SYSTEMPATH\CodeIgniter.php(919): App\Controllers\Ventas->ver('1')
 5 SYSTEMPATH\CodeIgniter.php(494): CodeIgniter\CodeIgniter->runController(Object(App\Controllers\Ventas))
 6 SYSTEMPATH\CodeIgniter.php(353): CodeIgniter\CodeIgniter->handleRequest(null, Object(Config\Cache), false)
 7 FCPATH\index.php(79): CodeIgniter\CodeIgniter->run()
CRITICAL - 2024-11-20 02:52:33 --> Invalid file: "venta/verVentas.php"
in SYSTEMPATH\Exceptions\FrameworkException.php on line 39.
 1 SYSTEMPATH\View\View.php(214): CodeIgniter\Exceptions\FrameworkException::forInvalidFile('venta/verVentas.php')
 2 SYSTEMPATH\Common.php(1188): CodeIgniter\View\View->render('venta/verVentas', [], true)
 3 APPPATH\Controllers\Ventas.php(215): view('venta/verVentas', [...])
 4 SYSTEMPATH\CodeIgniter.php(919): App\Controllers\Ventas->ver('1')
 5 SYSTEMPATH\CodeIgniter.php(494): CodeIgniter\CodeIgniter->runController(Object(App\Controllers\Ventas))
 6 SYSTEMPATH\CodeIgniter.php(353): CodeIgniter\CodeIgniter->handleRequest(null, Object(Config\Cache), false)
 7 FCPATH\index.php(79): CodeIgniter\CodeIgniter->run()
CRITICAL - 2024-11-20 02:52:34 --> Invalid file: "venta/verVentas.php"
in SYSTEMPATH\Exceptions\FrameworkException.php on line 39.
 1 SYSTEMPATH\View\View.php(214): CodeIgniter\Exceptions\FrameworkException::forInvalidFile('venta/verVentas.php')
 2 SYSTEMPATH\Common.php(1188): CodeIgniter\View\View->render('venta/verVentas', [], true)
 3 APPPATH\Controllers\Ventas.php(215): view('venta/verVentas', [...])
 4 SYSTEMPATH\CodeIgniter.php(919): App\Controllers\Ventas->ver('1')
 5 SYSTEMPATH\CodeIgniter.php(494): CodeIgniter\CodeIgniter->runController(Object(App\Controllers\Ventas))
 6 SYSTEMPATH\CodeIgniter.php(353): CodeIgniter\CodeIgniter->handleRequest(null, Object(Config\Cache), false)
 7 FCPATH\index.php(79): CodeIgniter\CodeIgniter->run()
CRITICAL - 2024-11-20 02:53:10 --> Invalid file: "venta/verVentas.php"
in SYSTEMPATH\Exceptions\FrameworkException.php on line 39.
 1 SYSTEMPATH\View\View.php(214): CodeIgniter\Exceptions\FrameworkException::forInvalidFile('venta/verVentas.php')
 2 SYSTEMPATH\Common.php(1188): CodeIgniter\View\View->render('venta/verVentas', [], true)
 3 APPPATH\Controllers\Ventas.php(215): view('venta/verVentas', [...])
 4 SYSTEMPATH\CodeIgniter.php(919): App\Controllers\Ventas->ver('1')
 5 SYSTEMPATH\CodeIgniter.php(494): CodeIgniter\CodeIgniter->runController(Object(App\Controllers\Ventas))
 6 SYSTEMPATH\CodeIgniter.php(353): CodeIgniter\CodeIgniter->handleRequest(null, Object(Config\Cache), false)
 7 FCPATH\index.php(79): CodeIgniter\CodeIgniter->run()
CRITICAL - 2024-11-20 02:57:56 --> Invalid file: "venta/verVentas.php"
in SYSTEMPATH\Exceptions\FrameworkException.php on line 39.
 1 SYSTEMPATH\View\View.php(214): CodeIgniter\Exceptions\FrameworkException::forInvalidFile('venta/verVentas.php')
 2 SYSTEMPATH\Common.php(1188): CodeIgniter\View\View->render('venta/verVentas', [], true)
 3 APPPATH\Controllers\Ventas.php(219): view('venta/verVentas', [...])
 4 SYSTEMPATH\CodeIgniter.php(919): App\Controllers\Ventas->ver('1')
 5 SYSTEMPATH\CodeIgniter.php(494): CodeIgniter\CodeIgniter->runController(Object(App\Controllers\Ventas))
 6 SYSTEMPATH\CodeIgniter.php(353): CodeIgniter\CodeIgniter->handleRequest(null, Object(Config\Cache), false)
 7 FCPATH\index.php(79): CodeIgniter\CodeIgniter->run()
CRITICAL - 2024-11-20 02:57:57 --> Invalid file: "venta/verVentas.php"
in SYSTEMPATH\Exceptions\FrameworkException.php on line 39.
 1 SYSTEMPATH\View\View.php(214): CodeIgniter\Exceptions\FrameworkException::forInvalidFile('venta/verVentas.php')
 2 SYSTEMPATH\Common.php(1188): CodeIgniter\View\View->render('venta/verVentas', [], true)
 3 APPPATH\Controllers\Ventas.php(219): view('venta/verVentas', [...])
 4 SYSTEMPATH\CodeIgniter.php(919): App\Controllers\Ventas->ver('1')
 5 SYSTEMPATH\CodeIgniter.php(494): CodeIgniter\CodeIgniter->runController(Object(App\Controllers\Ventas))
 6 SYSTEMPATH\CodeIgniter.php(353): CodeIgniter\CodeIgniter->handleRequest(null, Object(Config\Cache), false)
 7 FCPATH\index.php(79): CodeIgniter\CodeIgniter->run()
CRITICAL - 2024-11-20 02:57:58 --> Invalid file: "venta/verVentas.php"
in SYSTEMPATH\Exceptions\FrameworkException.php on line 39.
 1 SYSTEMPATH\View\View.php(214): CodeIgniter\Exceptions\FrameworkException::forInvalidFile('venta/verVentas.php')
 2 SYSTEMPATH\Common.php(1188): CodeIgniter\View\View->render('venta/verVentas', [], true)
 3 APPPATH\Controllers\Ventas.php(219): view('venta/verVentas', [...])
 4 SYSTEMPATH\CodeIgniter.php(919): App\Controllers\Ventas->ver('1')
 5 SYSTEMPATH\CodeIgniter.php(494): CodeIgniter\CodeIgniter->runController(Object(App\Controllers\Ventas))
 6 SYSTEMPATH\CodeIgniter.php(353): CodeIgniter\CodeIgniter->handleRequest(null, Object(Config\Cache), false)
 7 FCPATH\index.php(79): CodeIgniter\CodeIgniter->run()
CRITICAL - 2024-11-20 02:58:00 --> Invalid file: "venta/verVentas.php"
in SYSTEMPATH\Exceptions\FrameworkException.php on line 39.
 1 SYSTEMPATH\View\View.php(214): CodeIgniter\Exceptions\FrameworkException::forInvalidFile('venta/verVentas.php')
 2 SYSTEMPATH\Common.php(1188): CodeIgniter\View\View->render('venta/verVentas', [], true)
 3 APPPATH\Controllers\Ventas.php(219): view('venta/verVentas', [...])
 4 SYSTEMPATH\CodeIgniter.php(919): App\Controllers\Ventas->ver('1')
 5 SYSTEMPATH\CodeIgniter.php(494): CodeIgniter\CodeIgniter->runController(Object(App\Controllers\Ventas))
 6 SYSTEMPATH\CodeIgniter.php(353): CodeIgniter\CodeIgniter->handleRequest(null, Object(Config\Cache), false)
 7 FCPATH\index.php(79): CodeIgniter\CodeIgniter->run()
CRITICAL - 2024-11-20 02:58:02 --> Invalid file: "venta/verVentas.php"
in SYSTEMPATH\Exceptions\FrameworkException.php on line 39.
 1 SYSTEMPATH\View\View.php(214): CodeIgniter\Exceptions\FrameworkException::forInvalidFile('venta/verVentas.php')
 2 SYSTEMPATH\Common.php(1188): CodeIgniter\View\View->render('venta/verVentas', [], true)
 3 APPPATH\Controllers\Ventas.php(219): view('venta/verVentas', [...])
 4 SYSTEMPATH\CodeIgniter.php(919): App\Controllers\Ventas->ver('1')
 5 SYSTEMPATH\CodeIgniter.php(494): CodeIgniter\CodeIgniter->runController(Object(App\Controllers\Ventas))
 6 SYSTEMPATH\CodeIgniter.php(353): CodeIgniter\CodeIgniter->handleRequest(null, Object(Config\Cache), false)
 7 FCPATH\index.php(79): CodeIgniter\CodeIgniter->run()
CRITICAL - 2024-11-20 02:58:03 --> Invalid file: "venta/verVentas.php"
in SYSTEMPATH\Exceptions\FrameworkException.php on line 39.
 1 SYSTEMPATH\View\View.php(214): CodeIgniter\Exceptions\FrameworkException::forInvalidFile('venta/verVentas.php')
 2 SYSTEMPATH\Common.php(1188): CodeIgniter\View\View->render('venta/verVentas', [], true)
 3 APPPATH\Controllers\Ventas.php(219): view('venta/verVentas', [...])
 4 SYSTEMPATH\CodeIgniter.php(919): App\Controllers\Ventas->ver('1')
 5 SYSTEMPATH\CodeIgniter.php(494): CodeIgniter\CodeIgniter->runController(Object(App\Controllers\Ventas))
 6 SYSTEMPATH\CodeIgniter.php(353): CodeIgniter\CodeIgniter->handleRequest(null, Object(Config\Cache), false)
 7 FCPATH\index.php(79): CodeIgniter\CodeIgniter->run()
CRITICAL - 2024-11-20 02:58:06 --> Invalid file: "venta/verVentas.php"
in SYSTEMPATH\Exceptions\FrameworkException.php on line 39.
 1 SYSTEMPATH\View\View.php(214): CodeIgniter\Exceptions\FrameworkException::forInvalidFile('venta/verVentas.php')
 2 SYSTEMPATH\Common.php(1188): CodeIgniter\View\View->render('venta/verVentas', [], true)
 3 APPPATH\Controllers\Ventas.php(219): view('venta/verVentas', [...])
 4 SYSTEMPATH\CodeIgniter.php(919): App\Controllers\Ventas->ver('1')
 5 SYSTEMPATH\CodeIgniter.php(494): CodeIgniter\CodeIgniter->runController(Object(App\Controllers\Ventas))
 6 SYSTEMPATH\CodeIgniter.php(353): CodeIgniter\CodeIgniter->handleRequest(null, Object(Config\Cache), false)
 7 FCPATH\index.php(79): CodeIgniter\CodeIgniter->run()
CRITICAL - 2024-11-20 03:00:02 --> Invalid file: "venta/verVentas.php"
in SYSTEMPATH\Exceptions\FrameworkException.php on line 39.
 1 SYSTEMPATH\View\View.php(214): CodeIgniter\Exceptions\FrameworkException::forInvalidFile('venta/verVentas.php')
 2 SYSTEMPATH\Common.php(1188): CodeIgniter\View\View->render('venta/verVentas', [], true)
 3 APPPATH\Controllers\Ventas.php(219): view('venta/verVentas', [...])
 4 SYSTEMPATH\CodeIgniter.php(919): App\Controllers\Ventas->ver('1')
 5 SYSTEMPATH\CodeIgniter.php(494): CodeIgniter\CodeIgniter->runController(Object(App\Controllers\Ventas))
 6 SYSTEMPATH\CodeIgniter.php(353): CodeIgniter\CodeIgniter->handleRequest(null, Object(Config\Cache), false)
 7 FCPATH\index.php(79): CodeIgniter\CodeIgniter->run()
CRITICAL - 2024-11-20 03:00:06 --> Invalid file: "venta/verVentas.php"
in SYSTEMPATH\Exceptions\FrameworkException.php on line 39.
 1 SYSTEMPATH\View\View.php(214): CodeIgniter\Exceptions\FrameworkException::forInvalidFile('venta/verVentas.php')
 2 SYSTEMPATH\Common.php(1188): CodeIgniter\View\View->render('venta/verVentas', [], true)
 3 APPPATH\Controllers\Ventas.php(219): view('venta/verVentas', [...])
 4 SYSTEMPATH\CodeIgniter.php(919): App\Controllers\Ventas->ver('2')
 5 SYSTEMPATH\CodeIgniter.php(494): CodeIgniter\CodeIgniter->runController(Object(App\Controllers\Ventas))
 6 SYSTEMPATH\CodeIgniter.php(353): CodeIgniter\CodeIgniter->handleRequest(null, Object(Config\Cache), false)
 7 FCPATH\index.php(79): CodeIgniter\CodeIgniter->run()
CRITICAL - 2024-11-20 03:00:11 --> Invalid file: "venta/verVentas.php"
in SYSTEMPATH\Exceptions\FrameworkException.php on line 39.
 1 SYSTEMPATH\View\View.php(214): CodeIgniter\Exceptions\FrameworkException::forInvalidFile('venta/verVentas.php')
 2 SYSTEMPATH\Common.php(1188): CodeIgniter\View\View->render('venta/verVentas', [], true)
 3 APPPATH\Controllers\Ventas.php(219): view('venta/verVentas', [...])
 4 SYSTEMPATH\CodeIgniter.php(919): App\Controllers\Ventas->ver('1')
 5 SYSTEMPATH\CodeIgniter.php(494): CodeIgniter\CodeIgniter->runController(Object(App\Controllers\Ventas))
 6 SYSTEMPATH\CodeIgniter.php(353): CodeIgniter\CodeIgniter->handleRequest(null, Object(Config\Cache), false)
 7 FCPATH\index.php(79): CodeIgniter\CodeIgniter->run()
CRITICAL - 2024-11-20 03:01:21 --> Invalid file: "venta/verVentas.php"
in SYSTEMPATH\Exceptions\FrameworkException.php on line 39.
 1 SYSTEMPATH\View\View.php(214): CodeIgniter\Exceptions\FrameworkException::forInvalidFile('venta/verVentas.php')
 2 SYSTEMPATH\Common.php(1188): CodeIgniter\View\View->render('venta/verVentas', [], true)
 3 APPPATH\Controllers\Ventas.php(219): view('venta/verVentas', [...])
 4 SYSTEMPATH\CodeIgniter.php(919): App\Controllers\Ventas->ver('1')
 5 SYSTEMPATH\CodeIgniter.php(494): CodeIgniter\CodeIgniter->runController(Object(App\Controllers\Ventas))
 6 SYSTEMPATH\CodeIgniter.php(353): CodeIgniter\CodeIgniter->handleRequest(null, Object(Config\Cache), false)
 7 FCPATH\index.php(79): CodeIgniter\CodeIgniter->run()
CRITICAL - 2024-11-20 03:01:23 --> Invalid file: "venta/verVentas.php"
in SYSTEMPATH\Exceptions\FrameworkException.php on line 39.
 1 SYSTEMPATH\View\View.php(214): CodeIgniter\Exceptions\FrameworkException::forInvalidFile('venta/verVentas.php')
 2 SYSTEMPATH\Common.php(1188): CodeIgniter\View\View->render('venta/verVentas', [], true)
 3 APPPATH\Controllers\Ventas.php(219): view('venta/verVentas', [...])
 4 SYSTEMPATH\CodeIgniter.php(919): App\Controllers\Ventas->ver('3')
 5 SYSTEMPATH\CodeIgniter.php(494): CodeIgniter\CodeIgniter->runController(Object(App\Controllers\Ventas))
 6 SYSTEMPATH\CodeIgniter.php(353): CodeIgniter\CodeIgniter->handleRequest(null, Object(Config\Cache), false)
 7 FCPATH\index.php(79): CodeIgniter\CodeIgniter->run()
CRITICAL - 2024-11-20 03:01:28 --> Invalid file: "venta/verVentas.php"
in SYSTEMPATH\Exceptions\FrameworkException.php on line 39.
 1 SYSTEMPATH\View\View.php(214): CodeIgniter\Exceptions\FrameworkException::forInvalidFile('venta/verVentas.php')
 2 SYSTEMPATH\Common.php(1188): CodeIgniter\View\View->render('venta/verVentas', [], true)
 3 APPPATH\Controllers\Ventas.php(219): view('venta/verVentas', [...])
 4 SYSTEMPATH\CodeIgniter.php(919): App\Controllers\Ventas->ver('2')
 5 SYSTEMPATH\CodeIgniter.php(494): CodeIgniter\CodeIgniter->runController(Object(App\Controllers\Ventas))
 6 SYSTEMPATH\CodeIgniter.php(353): CodeIgniter\CodeIgniter->handleRequest(null, Object(Config\Cache), false)
 7 FCPATH\index.php(79): CodeIgniter\CodeIgniter->run()
CRITICAL - 2024-11-20 03:01:30 --> Invalid file: "venta/verVentas.php"
in SYSTEMPATH\Exceptions\FrameworkException.php on line 39.
 1 SYSTEMPATH\View\View.php(214): CodeIgniter\Exceptions\FrameworkException::forInvalidFile('venta/verVentas.php')
 2 SYSTEMPATH\Common.php(1188): CodeIgniter\View\View->render('venta/verVentas', [], true)
 3 APPPATH\Controllers\Ventas.php(219): view('venta/verVentas', [...])
 4 SYSTEMPATH\CodeIgniter.php(919): App\Controllers\Ventas->ver('3')
 5 SYSTEMPATH\CodeIgniter.php(494): CodeIgniter\CodeIgniter->runController(Object(App\Controllers\Ventas))
 6 SYSTEMPATH\CodeIgniter.php(353): CodeIgniter\CodeIgniter->handleRequest(null, Object(Config\Cache), false)
 7 FCPATH\index.php(79): CodeIgniter\CodeIgniter->run()
CRITICAL - 2024-11-20 03:04:25 --> Invalid file: "venta/verVentas.php"
in SYSTEMPATH\Exceptions\FrameworkException.php on line 39.
 1 SYSTEMPATH\View\View.php(214): CodeIgniter\Exceptions\FrameworkException::forInvalidFile('venta/verVentas.php')
 2 SYSTEMPATH\Common.php(1188): CodeIgniter\View\View->render('venta/verVentas', [], true)
 3 APPPATH\Controllers\Ventas.php(219): view('venta/verVentas', [...])
 4 SYSTEMPATH\CodeIgniter.php(919): App\Controllers\Ventas->ver('3')
 5 SYSTEMPATH\CodeIgniter.php(494): CodeIgniter\CodeIgniter->runController(Object(App\Controllers\Ventas))
 6 SYSTEMPATH\CodeIgniter.php(353): CodeIgniter\CodeIgniter->handleRequest(null, Object(Config\Cache), false)
 7 FCPATH\index.php(79): CodeIgniter\CodeIgniter->run()
CRITICAL - 2024-11-20 03:04:37 --> Invalid file: "venta/verVentas.php"
in SYSTEMPATH\Exceptions\FrameworkException.php on line 39.
 1 SYSTEMPATH\View\View.php(214): CodeIgniter\Exceptions\FrameworkException::forInvalidFile('venta/verVentas.php')
 2 SYSTEMPATH\Common.php(1188): CodeIgniter\View\View->render('venta/verVentas', [], true)
 3 APPPATH\Controllers\Ventas.php(219): view('venta/verVentas', [...])
 4 SYSTEMPATH\CodeIgniter.php(919): App\Controllers\Ventas->ver('3')
 5 SYSTEMPATH\CodeIgniter.php(494): CodeIgniter\CodeIgniter->runController(Object(App\Controllers\Ventas))
 6 SYSTEMPATH\CodeIgniter.php(353): CodeIgniter\CodeIgniter->handleRequest(null, Object(Config\Cache), false)
 7 FCPATH\index.php(79): CodeIgniter\CodeIgniter->run()
CRITICAL - 2024-11-20 03:04:55 --> Invalid file: "venta/verVentas.php"
in SYSTEMPATH\Exceptions\FrameworkException.php on line 39.
 1 SYSTEMPATH\View\View.php(214): CodeIgniter\Exceptions\FrameworkException::forInvalidFile('venta/verVentas.php')
 2 SYSTEMPATH\Common.php(1188): CodeIgniter\View\View->render('venta/verVentas', [], true)
 3 APPPATH\Controllers\Ventas.php(219): view('venta/verVentas', [...])
 4 SYSTEMPATH\CodeIgniter.php(919): App\Controllers\Ventas->ver('3')
 5 SYSTEMPATH\CodeIgniter.php(494): CodeIgniter\CodeIgniter->runController(Object(App\Controllers\Ventas))
 6 SYSTEMPATH\CodeIgniter.php(353): CodeIgniter\CodeIgniter->handleRequest(null, Object(Config\Cache), false)
 7 FCPATH\index.php(79): CodeIgniter\CodeIgniter->run()
CRITICAL - 2024-11-20 03:04:58 --> Invalid file: "venta/editar.php"
in SYSTEMPATH\Exceptions\FrameworkException.php on line 39.
 1 SYSTEMPATH\View\View.php(214): CodeIgniter\Exceptions\FrameworkException::forInvalidFile('venta/editar.php')
 2 SYSTEMPATH\Common.php(1188): CodeIgniter\View\View->render('venta/editar', [], true)
 3 APPPATH\Controllers\Ventas.php(177): view('venta/editar', [...])
 4 SYSTEMPATH\CodeIgniter.php(919): App\Controllers\Ventas->editar('2')
 5 SYSTEMPATH\CodeIgniter.php(494): CodeIgniter\CodeIgniter->runController(Object(App\Controllers\Ventas))
 6 SYSTEMPATH\CodeIgniter.php(353): CodeIgniter\CodeIgniter->handleRequest(null, Object(Config\Cache), false)
 7 FCPATH\index.php(79): CodeIgniter\CodeIgniter->run()
CRITICAL - 2024-11-20 03:05:02 --> Invalid file: "venta/editar.php"
in SYSTEMPATH\Exceptions\FrameworkException.php on line 39.
 1 SYSTEMPATH\View\View.php(214): CodeIgniter\Exceptions\FrameworkException::forInvalidFile('venta/editar.php')
 2 SYSTEMPATH\Common.php(1188): CodeIgniter\View\View->render('venta/editar', [], true)
 3 APPPATH\Controllers\Ventas.php(177): view('venta/editar', [...])
 4 SYSTEMPATH\CodeIgniter.php(919): App\Controllers\Ventas->editar('1')
 5 SYSTEMPATH\CodeIgniter.php(494): CodeIgniter\CodeIgniter->runController(Object(App\Controllers\Ventas))
 6 SYSTEMPATH\CodeIgniter.php(353): CodeIgniter\CodeIgniter->handleRequest(null, Object(Config\Cache), false)
 7 FCPATH\index.php(79): CodeIgniter\CodeIgniter->run()
ERROR - 2024-11-20 03:05:17 --> mysqli_sql_exception: Cannot delete or update a parent row: a foreign key constraint fails (`bddproyecto`.`detalle_venta`, CONSTRAINT `fk_detalle_venta_venta1` FOREIGN KEY (`idVenta`) REFERENCES `venta` (`idVenta`)) in C:\xampp\htdocs\code4\system\Database\MySQLi\Connection.php:306
Stack trace:
#0 C:\xampp\htdocs\code4\system\Database\MySQLi\Connection.php(306): mysqli->query('DELETE FROM `ve...', 0)
#1 C:\xampp\htdocs\code4\system\Database\BaseConnection.php(692): CodeIgniter\Database\MySQLi\Connection->execute('DELETE FROM `ve...')
#2 C:\xampp\htdocs\code4\system\Database\BaseConnection.php(606): CodeIgniter\Database\BaseConnection->simpleQuery('DELETE FROM `ve...')
#3 C:\xampp\htdocs\code4\system\Database\BaseBuilder.php(2790): CodeIgniter\Database\BaseConnection->query('DELETE FROM `ve...', Array, false)
#4 C:\xampp\htdocs\code4\system\Model.php(445): CodeIgniter\Database\BaseBuilder->delete()
#5 C:\xampp\htdocs\code4\system\BaseModel.php(1080): CodeIgniter\Model->doDelete(Array, false)
#6 C:\xampp\htdocs\code4\app\Controllers\Ventas.php(182): CodeIgniter\BaseModel->delete(Array)
#7 C:\xampp\htdocs\code4\system\CodeIgniter.php(919): App\Controllers\Ventas->borrar('2')
#8 C:\xampp\htdocs\code4\system\CodeIgniter.php(494): CodeIgniter\CodeIgniter->runController(Object(App\Controllers\Ventas))
#9 C:\xampp\htdocs\code4\system\CodeIgniter.php(353): CodeIgniter\CodeIgniter->handleRequest(NULL, Object(Config\Cache), false)
#10 C:\xampp\htdocs\code4\public\index.php(79): CodeIgniter\CodeIgniter->run()
#11 {main}
CRITICAL - 2024-11-20 03:05:17 --> Cannot delete or update a parent row: a foreign key constraint fails (`bddproyecto`.`detalle_venta`, CONSTRAINT `fk_detalle_venta_venta1` FOREIGN KEY (`idVenta`) REFERENCES `venta` (`idVenta`))
in SYSTEMPATH\Database\BaseConnection.php on line 646.
 1 SYSTEMPATH\Database\BaseBuilder.php(2790): CodeIgniter\Database\BaseConnection->query('DELETE FROM `venta`
WHERE `idVenta` IN :idVenta:', [...], false)
 2 SYSTEMPATH\Model.php(445): CodeIgniter\Database\BaseBuilder->delete()
 3 SYSTEMPATH\BaseModel.php(1080): CodeIgniter\Model->doDelete([...], false)
 4 APPPATH\Controllers\Ventas.php(182): CodeIgniter\BaseModel->delete([...])
 5 SYSTEMPATH\CodeIgniter.php(919): App\Controllers\Ventas->borrar('2')
 6 SYSTEMPATH\CodeIgniter.php(494): CodeIgniter\CodeIgniter->runController(Object(App\Controllers\Ventas))
 7 SYSTEMPATH\CodeIgniter.php(353): CodeIgniter\CodeIgniter->handleRequest(null, Object(Config\Cache), false)
 8 FCPATH\index.php(79): CodeIgniter\CodeIgniter->run()
CRITICAL - 2024-11-20 03:05:29 --> Invalid file: "venta/editar.php"
in SYSTEMPATH\Exceptions\FrameworkException.php on line 39.
 1 SYSTEMPATH\View\View.php(214): CodeIgniter\Exceptions\FrameworkException::forInvalidFile('venta/editar.php')
 2 SYSTEMPATH\Common.php(1188): CodeIgniter\View\View->render('venta/editar', [], true)
 3 APPPATH\Controllers\Ventas.php(177): view('venta/editar', [...])
 4 SYSTEMPATH\CodeIgniter.php(919): App\Controllers\Ventas->editar('3')
 5 SYSTEMPATH\CodeIgniter.php(494): CodeIgniter\CodeIgniter->runController(Object(App\Controllers\Ventas))
 6 SYSTEMPATH\CodeIgniter.php(353): CodeIgniter\CodeIgniter->handleRequest(null, Object(Config\Cache), false)
 7 FCPATH\index.php(79): CodeIgniter\CodeIgniter->run()
CRITICAL - 2024-11-20 03:05:32 --> Invalid file: "venta/verVentas.php"
in SYSTEMPATH\Exceptions\FrameworkException.php on line 39.
 1 SYSTEMPATH\View\View.php(214): CodeIgniter\Exceptions\FrameworkException::forInvalidFile('venta/verVentas.php')
 2 SYSTEMPATH\Common.php(1188): CodeIgniter\View\View->render('venta/verVentas', [], true)
 3 APPPATH\Controllers\Ventas.php(219): view('venta/verVentas', [...])
 4 SYSTEMPATH\CodeIgniter.php(919): App\Controllers\Ventas->ver('3')
 5 SYSTEMPATH\CodeIgniter.php(494): CodeIgniter\CodeIgniter->runController(Object(App\Controllers\Ventas))
 6 SYSTEMPATH\CodeIgniter.php(353): CodeIgniter\CodeIgniter->handleRequest(null, Object(Config\Cache), false)
 7 FCPATH\index.php(79): CodeIgniter\CodeIgniter->run()
CRITICAL - 2024-11-20 03:06:01 --> Invalid file: "venta/verVentas.php"
in SYSTEMPATH\Exceptions\FrameworkException.php on line 39.
 1 SYSTEMPATH\View\View.php(214): CodeIgniter\Exceptions\FrameworkException::forInvalidFile('venta/verVentas.php')
 2 SYSTEMPATH\Common.php(1188): CodeIgniter\View\View->render('venta/verVentas', [], true)
 3 APPPATH\Controllers\Ventas.php(219): view('venta/verVentas', [...])
 4 SYSTEMPATH\CodeIgniter.php(919): App\Controllers\Ventas->ver('3')
 5 SYSTEMPATH\CodeIgniter.php(494): CodeIgniter\CodeIgniter->runController(Object(App\Controllers\Ventas))
 6 SYSTEMPATH\CodeIgniter.php(353): CodeIgniter\CodeIgniter->handleRequest(null, Object(Config\Cache), false)
 7 FCPATH\index.php(79): CodeIgniter\CodeIgniter->run()
CRITICAL - 2024-11-20 03:07:35 --> Invalid file: "venta/verVentas.php"
in SYSTEMPATH\Exceptions\FrameworkException.php on line 39.
 1 SYSTEMPATH\View\View.php(214): CodeIgniter\Exceptions\FrameworkException::forInvalidFile('venta/verVentas.php')
 2 SYSTEMPATH\Common.php(1188): CodeIgniter\View\View->render('venta/verVentas', [], true)
 3 APPPATH\Controllers\Ventas.php(219): view('venta/verVentas', [...])
 4 SYSTEMPATH\CodeIgniter.php(919): App\Controllers\Ventas->ver('3')
 5 SYSTEMPATH\CodeIgniter.php(494): CodeIgniter\CodeIgniter->runController(Object(App\Controllers\Ventas))
 6 SYSTEMPATH\CodeIgniter.php(353): CodeIgniter\CodeIgniter->handleRequest(null, Object(Config\Cache), false)
 7 FCPATH\index.php(79): CodeIgniter\CodeIgniter->run()
CRITICAL - 2024-11-20 03:07:36 --> Invalid file: "venta/verVentas.php"
in SYSTEMPATH\Exceptions\FrameworkException.php on line 39.
 1 SYSTEMPATH\View\View.php(214): CodeIgniter\Exceptions\FrameworkException::forInvalidFile('venta/verVentas.php')
 2 SYSTEMPATH\Common.php(1188): CodeIgniter\View\View->render('venta/verVentas', [], true)
 3 APPPATH\Controllers\Ventas.php(219): view('venta/verVentas', [...])
 4 SYSTEMPATH\CodeIgniter.php(919): App\Controllers\Ventas->ver('3')
 5 SYSTEMPATH\CodeIgniter.php(494): CodeIgniter\CodeIgniter->runController(Object(App\Controllers\Ventas))
 6 SYSTEMPATH\CodeIgniter.php(353): CodeIgniter\CodeIgniter->handleRequest(null, Object(Config\Cache), false)
 7 FCPATH\index.php(79): CodeIgniter\CodeIgniter->run()
CRITICAL - 2024-11-20 03:08:32 --> Invalid file: "venta/verVentas.php"
in SYSTEMPATH\Exceptions\FrameworkException.php on line 39.
 1 SYSTEMPATH\View\View.php(214): CodeIgniter\Exceptions\FrameworkException::forInvalidFile('venta/verVentas.php')
 2 SYSTEMPATH\Common.php(1188): CodeIgniter\View\View->render('venta/verVentas', [], true)
 3 APPPATH\Controllers\Ventas.php(219): view('venta/verVentas', [...])
 4 SYSTEMPATH\CodeIgniter.php(919): App\Controllers\Ventas->ver('3')
 5 SYSTEMPATH\CodeIgniter.php(494): CodeIgniter\CodeIgniter->runController(Object(App\Controllers\Ventas))
 6 SYSTEMPATH\CodeIgniter.php(353): CodeIgniter\CodeIgniter->handleRequest(null, Object(Config\Cache), false)
 7 FCPATH\index.php(79): CodeIgniter\CodeIgniter->run()
CRITICAL - 2024-11-20 03:08:33 --> Invalid file: "venta/verVentas.php"
in SYSTEMPATH\Exceptions\FrameworkException.php on line 39.
 1 SYSTEMPATH\View\View.php(214): CodeIgniter\Exceptions\FrameworkException::forInvalidFile('venta/verVentas.php')
 2 SYSTEMPATH\Common.php(1188): CodeIgniter\View\View->render('venta/verVentas', [], true)
 3 APPPATH\Controllers\Ventas.php(219): view('venta/verVentas', [...])
 4 SYSTEMPATH\CodeIgniter.php(919): App\Controllers\Ventas->ver('3')
 5 SYSTEMPATH\CodeIgniter.php(494): CodeIgniter\CodeIgniter->runController(Object(App\Controllers\Ventas))
 6 SYSTEMPATH\CodeIgniter.php(353): CodeIgniter\CodeIgniter->handleRequest(null, Object(Config\Cache), false)
 7 FCPATH\index.php(79): CodeIgniter\CodeIgniter->run()
CRITICAL - 2024-11-20 03:10:09 --> Invalid file: "venta/verVentas.php"
in SYSTEMPATH\Exceptions\FrameworkException.php on line 39.
 1 SYSTEMPATH\View\View.php(214): CodeIgniter\Exceptions\FrameworkException::forInvalidFile('venta/verVentas.php')
 2 SYSTEMPATH\Common.php(1188): CodeIgniter\View\View->render('venta/verVentas', [], true)
 3 APPPATH\Controllers\Ventas.php(219): view('venta/verVentas', [...])
 4 SYSTEMPATH\CodeIgniter.php(919): App\Controllers\Ventas->ver('3')
 5 SYSTEMPATH\CodeIgniter.php(494): CodeIgniter\CodeIgniter->runController(Object(App\Controllers\Ventas))
 6 SYSTEMPATH\CodeIgniter.php(353): CodeIgniter\CodeIgniter->handleRequest(null, Object(Config\Cache), false)
 7 FCPATH\index.php(79): CodeIgniter\CodeIgniter->run()
CRITICAL - 2024-11-20 03:10:10 --> Invalid file: "venta/verVentas.php"
in SYSTEMPATH\Exceptions\FrameworkException.php on line 39.
 1 SYSTEMPATH\View\View.php(214): CodeIgniter\Exceptions\FrameworkException::forInvalidFile('venta/verVentas.php')
 2 SYSTEMPATH\Common.php(1188): CodeIgniter\View\View->render('venta/verVentas', [], true)
 3 APPPATH\Controllers\Ventas.php(219): view('venta/verVentas', [...])
 4 SYSTEMPATH\CodeIgniter.php(919): App\Controllers\Ventas->ver('3')
 5 SYSTEMPATH\CodeIgniter.php(494): CodeIgniter\CodeIgniter->runController(Object(App\Controllers\Ventas))
 6 SYSTEMPATH\CodeIgniter.php(353): CodeIgniter\CodeIgniter->handleRequest(null, Object(Config\Cache), false)
 7 FCPATH\index.php(79): CodeIgniter\CodeIgniter->run()
CRITICAL - 2024-11-20 03:12:06 --> Invalid file: "venta/verVentas.php"
in SYSTEMPATH\Exceptions\FrameworkException.php on line 39.
 1 SYSTEMPATH\View\View.php(214): CodeIgniter\Exceptions\FrameworkException::forInvalidFile('venta/verVentas.php')
 2 SYSTEMPATH\Common.php(1188): CodeIgniter\View\View->render('venta/verVentas', [], true)
 3 APPPATH\Controllers\Ventas.php(215): view('venta/verVentas', [...])
 4 SYSTEMPATH\CodeIgniter.php(919): App\Controllers\Ventas->ver('3')
 5 SYSTEMPATH\CodeIgniter.php(494): CodeIgniter\CodeIgniter->runController(Object(App\Controllers\Ventas))
 6 SYSTEMPATH\CodeIgniter.php(353): CodeIgniter\CodeIgniter->handleRequest(null, Object(Config\Cache), false)
 7 FCPATH\index.php(79): CodeIgniter\CodeIgniter->run()
CRITICAL - 2024-11-20 03:12:31 --> Invalid file: "venta/verVentas.php"
in SYSTEMPATH\Exceptions\FrameworkException.php on line 39.
 1 SYSTEMPATH\View\View.php(214): CodeIgniter\Exceptions\FrameworkException::forInvalidFile('venta/verVentas.php')
 2 SYSTEMPATH\Common.php(1188): CodeIgniter\View\View->render('venta/verVentas', [], true)
 3 APPPATH\Controllers\Ventas.php(215): view('venta/verVentas', [...])
 4 SYSTEMPATH\CodeIgniter.php(919): App\Controllers\Ventas->ver('3')
 5 SYSTEMPATH\CodeIgniter.php(494): CodeIgniter\CodeIgniter->runController(Object(App\Controllers\Ventas))
 6 SYSTEMPATH\CodeIgniter.php(353): CodeIgniter\CodeIgniter->handleRequest(null, Object(Config\Cache), false)
 7 FCPATH\index.php(79): CodeIgniter\CodeIgniter->run()
CRITICAL - 2024-11-20 03:12:32 --> Invalid file: "venta/verVentas.php"
in SYSTEMPATH\Exceptions\FrameworkException.php on line 39.
 1 SYSTEMPATH\View\View.php(214): CodeIgniter\Exceptions\FrameworkException::forInvalidFile('venta/verVentas.php')
 2 SYSTEMPATH\Common.php(1188): CodeIgniter\View\View->render('venta/verVentas', [], true)
 3 APPPATH\Controllers\Ventas.php(215): view('venta/verVentas', [...])
 4 SYSTEMPATH\CodeIgniter.php(919): App\Controllers\Ventas->ver('3')
 5 SYSTEMPATH\CodeIgniter.php(494): CodeIgniter\CodeIgniter->runController(Object(App\Controllers\Ventas))
 6 SYSTEMPATH\CodeIgniter.php(353): CodeIgniter\CodeIgniter->handleRequest(null, Object(Config\Cache), false)
 7 FCPATH\index.php(79): CodeIgniter\CodeIgniter->run()
CRITICAL - 2024-11-20 03:12:35 --> Invalid file: "venta/verVentas.php"
in SYSTEMPATH\Exceptions\FrameworkException.php on line 39.
 1 SYSTEMPATH\View\View.php(214): CodeIgniter\Exceptions\FrameworkException::forInvalidFile('venta/verVentas.php')
 2 SYSTEMPATH\Common.php(1188): CodeIgniter\View\View->render('venta/verVentas', [], true)
 3 APPPATH\Controllers\Ventas.php(215): view('venta/verVentas', [...])
 4 SYSTEMPATH\CodeIgniter.php(919): App\Controllers\Ventas->ver('1')
 5 SYSTEMPATH\CodeIgniter.php(494): CodeIgniter\CodeIgniter->runController(Object(App\Controllers\Ventas))
 6 SYSTEMPATH\CodeIgniter.php(353): CodeIgniter\CodeIgniter->handleRequest(null, Object(Config\Cache), false)
 7 FCPATH\index.php(79): CodeIgniter\CodeIgniter->run()
CRITICAL - 2024-11-20 03:12:48 --> Invalid file: "venta/verVentas.php"
in SYSTEMPATH\Exceptions\FrameworkException.php on line 39.
 1 SYSTEMPATH\View\View.php(214): CodeIgniter\Exceptions\FrameworkException::forInvalidFile('venta/verVentas.php')
 2 SYSTEMPATH\Common.php(1188): CodeIgniter\View\View->render('venta/verVentas', [], true)
 3 APPPATH\Controllers\Ventas.php(215): view('venta/verVentas', [...])
 4 SYSTEMPATH\CodeIgniter.php(919): App\Controllers\Ventas->ver('1')
 5 SYSTEMPATH\CodeIgniter.php(494): CodeIgniter\CodeIgniter->runController(Object(App\Controllers\Ventas))
 6 SYSTEMPATH\CodeIgniter.php(353): CodeIgniter\CodeIgniter->handleRequest(null, Object(Config\Cache), false)
 7 FCPATH\index.php(79): CodeIgniter\CodeIgniter->run()
CRITICAL - 2024-11-20 03:13:12 --> Invalid file: "venta/verVentas.php"
in SYSTEMPATH\Exceptions\FrameworkException.php on line 39.
 1 SYSTEMPATH\View\View.php(214): CodeIgniter\Exceptions\FrameworkException::forInvalidFile('venta/verVentas.php')
 2 SYSTEMPATH\Common.php(1188): CodeIgniter\View\View->render('venta/verVentas', [], true)
 3 APPPATH\Controllers\Ventas.php(215): view('venta/verVentas', [...])
 4 SYSTEMPATH\CodeIgniter.php(919): App\Controllers\Ventas->ver('1')
 5 SYSTEMPATH\CodeIgniter.php(494): CodeIgniter\CodeIgniter->runController(Object(App\Controllers\Ventas))
 6 SYSTEMPATH\CodeIgniter.php(353): CodeIgniter\CodeIgniter->handleRequest(null, Object(Config\Cache), false)
 7 FCPATH\index.php(79): CodeIgniter\CodeIgniter->run()
CRITICAL - 2024-11-20 03:13:13 --> Invalid file: "venta/verVentas.php"
in SYSTEMPATH\Exceptions\FrameworkException.php on line 39.
 1 SYSTEMPATH\View\View.php(214): CodeIgniter\Exceptions\FrameworkException::forInvalidFile('venta/verVentas.php')
 2 SYSTEMPATH\Common.php(1188): CodeIgniter\View\View->render('venta/verVentas', [], true)
 3 APPPATH\Controllers\Ventas.php(215): view('venta/verVentas', [...])
 4 SYSTEMPATH\CodeIgniter.php(919): App\Controllers\Ventas->ver('1')
 5 SYSTEMPATH\CodeIgniter.php(494): CodeIgniter\CodeIgniter->runController(Object(App\Controllers\Ventas))
 6 SYSTEMPATH\CodeIgniter.php(353): CodeIgniter\CodeIgniter->handleRequest(null, Object(Config\Cache), false)
 7 FCPATH\index.php(79): CodeIgniter\CodeIgniter->run()
CRITICAL - 2024-11-20 03:13:14 --> Invalid file: "venta/verVentas.php"
in SYSTEMPATH\Exceptions\FrameworkException.php on line 39.
 1 SYSTEMPATH\View\View.php(214): CodeIgniter\Exceptions\FrameworkException::forInvalidFile('venta/verVentas.php')
 2 SYSTEMPATH\Common.php(1188): CodeIgniter\View\View->render('venta/verVentas', [], true)
 3 APPPATH\Controllers\Ventas.php(215): view('venta/verVentas', [...])
 4 SYSTEMPATH\CodeIgniter.php(919): App\Controllers\Ventas->ver('1')
 5 SYSTEMPATH\CodeIgniter.php(494): CodeIgniter\CodeIgniter->runController(Object(App\Controllers\Ventas))
 6 SYSTEMPATH\CodeIgniter.php(353): CodeIgniter\CodeIgniter->handleRequest(null, Object(Config\Cache), false)
 7 FCPATH\index.php(79): CodeIgniter\CodeIgniter->run()
CRITICAL - 2024-11-20 03:13:19 --> Invalid file: "venta/verVentas.php"
in SYSTEMPATH\Exceptions\FrameworkException.php on line 39.
 1 SYSTEMPATH\View\View.php(214): CodeIgniter\Exceptions\FrameworkException::forInvalidFile('venta/verVentas.php')
 2 SYSTEMPATH\Common.php(1188): CodeIgniter\View\View->render('venta/verVentas', [], true)
 3 APPPATH\Controllers\Ventas.php(215): view('venta/verVentas', [...])
 4 SYSTEMPATH\CodeIgniter.php(919): App\Controllers\Ventas->ver('3')
 5 SYSTEMPATH\CodeIgniter.php(494): CodeIgniter\CodeIgniter->runController(Object(App\Controllers\Ventas))
 6 SYSTEMPATH\CodeIgniter.php(353): CodeIgniter\CodeIgniter->handleRequest(null, Object(Config\Cache), false)
 7 FCPATH\index.php(79): CodeIgniter\CodeIgniter->run()
CRITICAL - 2024-11-20 03:13:21 --> Invalid file: "venta/verVentas.php"
in SYSTEMPATH\Exceptions\FrameworkException.php on line 39.
 1 SYSTEMPATH\View\View.php(214): CodeIgniter\Exceptions\FrameworkException::forInvalidFile('venta/verVentas.php')
 2 SYSTEMPATH\Common.php(1188): CodeIgniter\View\View->render('venta/verVentas', [], true)
 3 APPPATH\Controllers\Ventas.php(215): view('venta/verVentas', [...])
 4 SYSTEMPATH\CodeIgniter.php(919): App\Controllers\Ventas->ver('3')
 5 SYSTEMPATH\CodeIgniter.php(494): CodeIgniter\CodeIgniter->runController(Object(App\Controllers\Ventas))
 6 SYSTEMPATH\CodeIgniter.php(353): CodeIgniter\CodeIgniter->handleRequest(null, Object(Config\Cache), false)
 7 FCPATH\index.php(79): CodeIgniter\CodeIgniter->run()
CRITICAL - 2024-11-20 03:13:23 --> Invalid file: "venta/verVentas.php"
in SYSTEMPATH\Exceptions\FrameworkException.php on line 39.
 1 SYSTEMPATH\View\View.php(214): CodeIgniter\Exceptions\FrameworkException::forInvalidFile('venta/verVentas.php')
 2 SYSTEMPATH\Common.php(1188): CodeIgniter\View\View->render('venta/verVentas', [], true)
 3 APPPATH\Controllers\Ventas.php(215): view('venta/verVentas', [...])
 4 SYSTEMPATH\CodeIgniter.php(919): App\Controllers\Ventas->ver('3')
 5 SYSTEMPATH\CodeIgniter.php(494): CodeIgniter\CodeIgniter->runController(Object(App\Controllers\Ventas))
 6 SYSTEMPATH\CodeIgniter.php(353): CodeIgniter\CodeIgniter->handleRequest(null, Object(Config\Cache), false)
 7 FCPATH\index.php(79): CodeIgniter\CodeIgniter->run()
CRITICAL - 2024-11-20 03:13:27 --> Invalid file: "venta/verVentas.php"
in SYSTEMPATH\Exceptions\FrameworkException.php on line 39.
 1 SYSTEMPATH\View\View.php(214): CodeIgniter\Exceptions\FrameworkException::forInvalidFile('venta/verVentas.php')
 2 SYSTEMPATH\Common.php(1188): CodeIgniter\View\View->render('venta/verVentas', [], true)
 3 APPPATH\Controllers\Ventas.php(215): view('venta/verVentas', [...])
 4 SYSTEMPATH\CodeIgniter.php(919): App\Controllers\Ventas->ver('3')
 5 SYSTEMPATH\CodeIgniter.php(494): CodeIgniter\CodeIgniter->runController(Object(App\Controllers\Ventas))
 6 SYSTEMPATH\CodeIgniter.php(353): CodeIgniter\CodeIgniter->handleRequest(null, Object(Config\Cache), false)
 7 FCPATH\index.php(79): CodeIgniter\CodeIgniter->run()
CRITICAL - 2024-11-20 03:13:34 --> Invalid file: "venta/verVentas.php"
in SYSTEMPATH\Exceptions\FrameworkException.php on line 39.
 1 SYSTEMPATH\View\View.php(214): CodeIgniter\Exceptions\FrameworkException::forInvalidFile('venta/verVentas.php')
 2 SYSTEMPATH\Common.php(1188): CodeIgniter\View\View->render('venta/verVentas', [], true)
 3 APPPATH\Controllers\Ventas.php(215): view('venta/verVentas', [...])
 4 SYSTEMPATH\CodeIgniter.php(919): App\Controllers\Ventas->ver('3')
 5 SYSTEMPATH\CodeIgniter.php(494): CodeIgniter\CodeIgniter->runController(Object(App\Controllers\Ventas))
 6 SYSTEMPATH\CodeIgniter.php(353): CodeIgniter\CodeIgniter->handleRequest(null, Object(Config\Cache), false)
 7 FCPATH\index.php(79): CodeIgniter\CodeIgniter->run()
CRITICAL - 2024-11-20 03:16:44 --> Undefined array key "cliente"
in APPPATH\Views\venta\verVenta.php on line 12.
 1 APPPATH\Views\venta\verVenta.php(12): CodeIgniter\Debug\Exceptions->errorHandler(2, 'Undefined array key "cliente"', 'C:\\xampp\\htdocs\\code4\\app\\Views\\venta\\verVenta.php', 12)
 2 SYSTEMPATH\View\View.php(226): include('C:\\xampp\\htdocs\\code4\\app\\Views\\venta\\verVenta.php')
 3 SYSTEMPATH\View\View.php(229): CodeIgniter\View\View->CodeIgniter\View\{closure}()
 4 SYSTEMPATH\Common.php(1188): CodeIgniter\View\View->render('venta/verVenta', [], true)
 5 APPPATH\Controllers\Ventas.php(215): view('venta/verVenta', [...])
 6 SYSTEMPATH\CodeIgniter.php(919): App\Controllers\Ventas->ver('1')
 7 SYSTEMPATH\CodeIgniter.php(494): CodeIgniter\CodeIgniter->runController(Object(App\Controllers\Ventas))
 8 SYSTEMPATH\CodeIgniter.php(353): CodeIgniter\CodeIgniter->handleRequest(null, Object(Config\Cache), false)
 9 FCPATH\index.php(79): CodeIgniter\CodeIgniter->run()
CRITICAL - 2024-11-20 03:16:46 --> Undefined array key "cliente"
in APPPATH\Views\venta\verVenta.php on line 12.
 1 APPPATH\Views\venta\verVenta.php(12): CodeIgniter\Debug\Exceptions->errorHandler(2, 'Undefined array key "cliente"', 'C:\\xampp\\htdocs\\code4\\app\\Views\\venta\\verVenta.php', 12)
 2 SYSTEMPATH\View\View.php(226): include('C:\\xampp\\htdocs\\code4\\app\\Views\\venta\\verVenta.php')
 3 SYSTEMPATH\View\View.php(229): CodeIgniter\View\View->CodeIgniter\View\{closure}()
 4 SYSTEMPATH\Common.php(1188): CodeIgniter\View\View->render('venta/verVenta', [], true)
 5 APPPATH\Controllers\Ventas.php(215): view('venta/verVenta', [...])
 6 SYSTEMPATH\CodeIgniter.php(919): App\Controllers\Ventas->ver('1')
 7 SYSTEMPATH\CodeIgniter.php(494): CodeIgniter\CodeIgniter->runController(Object(App\Controllers\Ventas))
 8 SYSTEMPATH\CodeIgniter.php(353): CodeIgniter\CodeIgniter->handleRequest(null, Object(Config\Cache), false)
 9 FCPATH\index.php(79): CodeIgniter\CodeIgniter->run()
CRITICAL - 2024-11-20 03:16:47 --> Undefined array key "cliente"
in APPPATH\Views\venta\verVenta.php on line 12.
 1 APPPATH\Views\venta\verVenta.php(12): CodeIgniter\Debug\Exceptions->errorHandler(2, 'Undefined array key "cliente"', 'C:\\xampp\\htdocs\\code4\\app\\Views\\venta\\verVenta.php', 12)
 2 SYSTEMPATH\View\View.php(226): include('C:\\xampp\\htdocs\\code4\\app\\Views\\venta\\verVenta.php')
 3 SYSTEMPATH\View\View.php(229): CodeIgniter\View\View->CodeIgniter\View\{closure}()
 4 SYSTEMPATH\Common.php(1188): CodeIgniter\View\View->render('venta/verVenta', [], true)
 5 APPPATH\Controllers\Ventas.php(215): view('venta/verVenta', [...])
 6 SYSTEMPATH\CodeIgniter.php(919): App\Controllers\Ventas->ver('1')
 7 SYSTEMPATH\CodeIgniter.php(494): CodeIgniter\CodeIgniter->runController(Object(App\Controllers\Ventas))
 8 SYSTEMPATH\CodeIgniter.php(353): CodeIgniter\CodeIgniter->handleRequest(null, Object(Config\Cache), false)
 9 FCPATH\index.php(79): CodeIgniter\CodeIgniter->run()
CRITICAL - 2024-11-20 03:17:53 --> Undefined array key "cliente"
in APPPATH\Views\venta\verVenta.php on line 12.
 1 APPPATH\Views\venta\verVenta.php(12): CodeIgniter\Debug\Exceptions->errorHandler(2, 'Undefined array key "cliente"', 'C:\\xampp\\htdocs\\code4\\app\\Views\\venta\\verVenta.php', 12)
 2 SYSTEMPATH\View\View.php(226): include('C:\\xampp\\htdocs\\code4\\app\\Views\\venta\\verVenta.php')
 3 SYSTEMPATH\View\View.php(229): CodeIgniter\View\View->CodeIgniter\View\{closure}()
 4 SYSTEMPATH\Common.php(1188): CodeIgniter\View\View->render('venta/verVenta', [], true)
 5 APPPATH\Controllers\Ventas.php(215): view('venta/verVenta', [...])
 6 SYSTEMPATH\CodeIgniter.php(919): App\Controllers\Ventas->ver('1')
 7 SYSTEMPATH\CodeIgniter.php(494): CodeIgniter\CodeIgniter->runController(Object(App\Controllers\Ventas))
 8 SYSTEMPATH\CodeIgniter.php(353): CodeIgniter\CodeIgniter->handleRequest(null, Object(Config\Cache), false)
 9 FCPATH\index.php(79): CodeIgniter\CodeIgniter->run()
CRITICAL - 2024-11-20 03:17:54 --> Undefined array key "cliente"
in APPPATH\Views\venta\verVenta.php on line 12.
 1 APPPATH\Views\venta\verVenta.php(12): CodeIgniter\Debug\Exceptions->errorHandler(2, 'Undefined array key "cliente"', 'C:\\xampp\\htdocs\\code4\\app\\Views\\venta\\verVenta.php', 12)
 2 SYSTEMPATH\View\View.php(226): include('C:\\xampp\\htdocs\\code4\\app\\Views\\venta\\verVenta.php')
 3 SYSTEMPATH\View\View.php(229): CodeIgniter\View\View->CodeIgniter\View\{closure}()
 4 SYSTEMPATH\Common.php(1188): CodeIgniter\View\View->render('venta/verVenta', [], true)
 5 APPPATH\Controllers\Ventas.php(215): view('venta/verVenta', [...])
 6 SYSTEMPATH\CodeIgniter.php(919): App\Controllers\Ventas->ver('1')
 7 SYSTEMPATH\CodeIgniter.php(494): CodeIgniter\CodeIgniter->runController(Object(App\Controllers\Ventas))
 8 SYSTEMPATH\CodeIgniter.php(353): CodeIgniter\CodeIgniter->handleRequest(null, Object(Config\Cache), false)
 9 FCPATH\index.php(79): CodeIgniter\CodeIgniter->run()
CRITICAL - 2024-11-20 03:17:55 --> Undefined array key "cliente"
in APPPATH\Views\venta\verVenta.php on line 12.
 1 APPPATH\Views\venta\verVenta.php(12): CodeIgniter\Debug\Exceptions->errorHandler(2, 'Undefined array key "cliente"', 'C:\\xampp\\htdocs\\code4\\app\\Views\\venta\\verVenta.php', 12)
 2 SYSTEMPATH\View\View.php(226): include('C:\\xampp\\htdocs\\code4\\app\\Views\\venta\\verVenta.php')
 3 SYSTEMPATH\View\View.php(229): CodeIgniter\View\View->CodeIgniter\View\{closure}()
 4 SYSTEMPATH\Common.php(1188): CodeIgniter\View\View->render('venta/verVenta', [], true)
 5 APPPATH\Controllers\Ventas.php(215): view('venta/verVenta', [...])
 6 SYSTEMPATH\CodeIgniter.php(919): App\Controllers\Ventas->ver('1')
 7 SYSTEMPATH\CodeIgniter.php(494): CodeIgniter\CodeIgniter->runController(Object(App\Controllers\Ventas))
 8 SYSTEMPATH\CodeIgniter.php(353): CodeIgniter\CodeIgniter->handleRequest(null, Object(Config\Cache), false)
 9 FCPATH\index.php(79): CodeIgniter\CodeIgniter->run()
CRITICAL - 2024-11-20 03:17:58 --> Undefined array key "cliente"
in APPPATH\Views\venta\verVenta.php on line 12.
 1 APPPATH\Views\venta\verVenta.php(12): CodeIgniter\Debug\Exceptions->errorHandler(2, 'Undefined array key "cliente"', 'C:\\xampp\\htdocs\\code4\\app\\Views\\venta\\verVenta.php', 12)
 2 SYSTEMPATH\View\View.php(226): include('C:\\xampp\\htdocs\\code4\\app\\Views\\venta\\verVenta.php')
 3 SYSTEMPATH\View\View.php(229): CodeIgniter\View\View->CodeIgniter\View\{closure}()
 4 SYSTEMPATH\Common.php(1188): CodeIgniter\View\View->render('venta/verVenta', [], true)
 5 APPPATH\Controllers\Ventas.php(215): view('venta/verVenta', [...])
 6 SYSTEMPATH\CodeIgniter.php(919): App\Controllers\Ventas->ver('3')
 7 SYSTEMPATH\CodeIgniter.php(494): CodeIgniter\CodeIgniter->runController(Object(App\Controllers\Ventas))
 8 SYSTEMPATH\CodeIgniter.php(353): CodeIgniter\CodeIgniter->handleRequest(null, Object(Config\Cache), false)
 9 FCPATH\index.php(79): CodeIgniter\CodeIgniter->run()
ERROR - 2024-11-20 07:30:12 --> Errores de validación: 	<div class="errors" role="alert">
		<ul>
					<li>El campo descuento es obligatorio.</li>
				</ul>
	</div>

ERROR - 2024-11-20 07:42:16 --> Errores de validación: 	<div class="errors" role="alert">
		<ul>
					<li>El campo descuento es obligatorio.</li>
				</ul>
	</div>

CRITICAL - 2024-11-20 07:44:08 --> Invalid file: "venta/editar.php"
in SYSTEMPATH\Exceptions\FrameworkException.php on line 39.
 1 SYSTEMPATH\View\View.php(214): CodeIgniter\Exceptions\FrameworkException::forInvalidFile('venta/editar.php')
 2 SYSTEMPATH\Common.php(1188): CodeIgniter\View\View->render('venta/editar', [], true)
 3 APPPATH\Controllers\Ventas.php(199): view('venta/editar', [...])
 4 SYSTEMPATH\CodeIgniter.php(919): App\Controllers\Ventas->editar('8')
 5 SYSTEMPATH\CodeIgniter.php(494): CodeIgniter\CodeIgniter->runController(Object(App\Controllers\Ventas))
 6 SYSTEMPATH\CodeIgniter.php(353): CodeIgniter\CodeIgniter->handleRequest(null, Object(Config\Cache), false)
 7 FCPATH\index.php(79): CodeIgniter\CodeIgniter->run()
ERROR - 2024-11-20 07:50:08 --> Errores de validación: 	<div class="errors" role="alert">
		<ul>
					<li>El campo descuento es obligatorio.</li>
				</ul>
	</div>

ERROR - 2024-11-20 07:52:30 --> Errores de validación: 	<div class="errors" role="alert">
		<ul>
					<li>El campo descuento solo puede contener números.</li>
				</ul>
	</div>

ERROR - 2024-11-20 07:56:35 --> Errores de validación: 	<div class="errors" role="alert">
		<ul>
					<li>El campo idCliente es obligatorio.</li>
				</ul>
	</div>

ERROR - 2024-11-20 07:57:29 --> Errores de validación: 	<div class="errors" role="alert">
		<ul>
					<li>El campo idCliente es obligatorio.</li>
				</ul>
	</div>

ERROR - 2024-11-20 07:57:53 --> Errores de validación: 	<div class="errors" role="alert">
		<ul>
					<li>El campo idCliente es obligatorio.</li>
					<li>El campo descuento solo puede contener números.</li>
				</ul>
	</div>

ERROR - 2024-11-20 13:46:24 --> mysqli_sql_exception: Unknown column 'detalle_venta.metros_tela' in 'field list' in C:\xampp\htdocs\code4\system\Database\MySQLi\Connection.php:306
Stack trace:
#0 C:\xampp\htdocs\code4\system\Database\MySQLi\Connection.php(306): mysqli->query('SELECT `detalle...', 0)
#1 C:\xampp\htdocs\code4\system\Database\BaseConnection.php(692): CodeIgniter\Database\MySQLi\Connection->execute('SELECT `detalle...')
#2 C:\xampp\htdocs\code4\system\Database\BaseConnection.php(606): CodeIgniter\Database\BaseConnection->simpleQuery('SELECT `detalle...')
#3 C:\xampp\htdocs\code4\system\Database\BaseBuilder.php(1615): CodeIgniter\Database\BaseConnection->query('SELECT `detalle...', Array, false)
#4 C:\xampp\htdocs\code4\system\Model.php(237): CodeIgniter\Database\BaseBuilder->get()
#5 C:\xampp\htdocs\code4\system\BaseModel.php(624): CodeIgniter\Model->doFindAll(0, 0)
#6 C:\xampp\htdocs\code4\app\Controllers\Ventas.php(213): CodeIgniter\BaseModel->findAll()
#7 C:\xampp\htdocs\code4\system\CodeIgniter.php(919): App\Controllers\Ventas->ver('11')
#8 C:\xampp\htdocs\code4\system\CodeIgniter.php(494): CodeIgniter\CodeIgniter->runController(Object(App\Controllers\Ventas))
#9 C:\xampp\htdocs\code4\system\CodeIgniter.php(353): CodeIgniter\CodeIgniter->handleRequest(NULL, Object(Config\Cache), false)
#10 C:\xampp\htdocs\code4\public\index.php(79): CodeIgniter\CodeIgniter->run()
#11 {main}
CRITICAL - 2024-11-20 13:46:24 --> Unknown column 'detalle_venta.metros_tela' in 'field list'
in SYSTEMPATH\Database\BaseConnection.php on line 646.
 1 SYSTEMPATH\Database\BaseBuilder.php(1615): CodeIgniter\Database\BaseConnection->query('SELECT `detalle_venta`.*, `confeccion`.`descripcion` as `confeccion`, `confeccion`.`categoria` as `categoria`, `tela`.`nombre` as `tela`, `tela`.`precio` as `precio_tela`, `detalle_venta`.`metros_tela`
FROM `detalle_venta`
LEFT JOIN `confeccion` ON `confeccion`.`id` = `detalle_venta`.`idConfeccion`
LEFT JOIN `tela` ON `tela`.`id` = `detalle_venta`.`idTela`
WHERE `detalle_venta`.`idVenta` = :detalle_venta.idVenta:', [...], false)
 2 SYSTEMPATH\Model.php(237): CodeIgniter\Database\BaseBuilder->get()
 3 SYSTEMPATH\BaseModel.php(624): CodeIgniter\Model->doFindAll(0, 0)
 4 APPPATH\Controllers\Ventas.php(213): CodeIgniter\BaseModel->findAll()
 5 SYSTEMPATH\CodeIgniter.php(919): App\Controllers\Ventas->ver('11')
 6 SYSTEMPATH\CodeIgniter.php(494): CodeIgniter\CodeIgniter->runController(Object(App\Controllers\Ventas))
 7 SYSTEMPATH\CodeIgniter.php(353): CodeIgniter\CodeIgniter->handleRequest(null, Object(Config\Cache), false)
 8 FCPATH\index.php(79): CodeIgniter\CodeIgniter->run()
CRITICAL - 2024-11-20 13:47:34 --> Invalid file: "venta/editar.php"
in SYSTEMPATH\Exceptions\FrameworkException.php on line 39.
 1 SYSTEMPATH\View\View.php(214): CodeIgniter\Exceptions\FrameworkException::forInvalidFile('venta/editar.php')
 2 SYSTEMPATH\Common.php(1188): CodeIgniter\View\View->render('venta/editar', [], true)
 3 APPPATH\Controllers\Ventas.php(184): view('venta/editar', [...])
 4 SYSTEMPATH\CodeIgniter.php(919): App\Controllers\Ventas->editar('9')
 5 SYSTEMPATH\CodeIgniter.php(494): CodeIgniter\CodeIgniter->runController(Object(App\Controllers\Ventas))
 6 SYSTEMPATH\CodeIgniter.php(353): CodeIgniter\CodeIgniter->handleRequest(null, Object(Config\Cache), false)
 7 FCPATH\index.php(79): CodeIgniter\CodeIgniter->run()
ERROR - 2024-11-20 13:53:20 --> mysqli_sql_exception: Unknown column 'detalle_venta.metros_tela' in 'field list' in C:\xampp\htdocs\code4\system\Database\MySQLi\Connection.php:306
Stack trace:
#0 C:\xampp\htdocs\code4\system\Database\MySQLi\Connection.php(306): mysqli->query('SELECT `detalle...', 0)
#1 C:\xampp\htdocs\code4\system\Database\BaseConnection.php(692): CodeIgniter\Database\MySQLi\Connection->execute('SELECT `detalle...')
#2 C:\xampp\htdocs\code4\system\Database\BaseConnection.php(606): CodeIgniter\Database\BaseConnection->simpleQuery('SELECT `detalle...')
#3 C:\xampp\htdocs\code4\system\Database\BaseBuilder.php(1615): CodeIgniter\Database\BaseConnection->query('SELECT `detalle...', Array, false)
#4 C:\xampp\htdocs\code4\system\Model.php(237): CodeIgniter\Database\BaseBuilder->get()
#5 C:\xampp\htdocs\code4\system\BaseModel.php(624): CodeIgniter\Model->doFindAll(0, 0)
#6 C:\xampp\htdocs\code4\app\Controllers\Ventas.php(213): CodeIgniter\BaseModel->findAll()
#7 C:\xampp\htdocs\code4\system\CodeIgniter.php(919): App\Controllers\Ventas->ver('11')
#8 C:\xampp\htdocs\code4\system\CodeIgniter.php(494): CodeIgniter\CodeIgniter->runController(Object(App\Controllers\Ventas))
#9 C:\xampp\htdocs\code4\system\CodeIgniter.php(353): CodeIgniter\CodeIgniter->handleRequest(NULL, Object(Config\Cache), false)
#10 C:\xampp\htdocs\code4\public\index.php(79): CodeIgniter\CodeIgniter->run()
#11 {main}
CRITICAL - 2024-11-20 13:53:20 --> Unknown column 'detalle_venta.metros_tela' in 'field list'
in SYSTEMPATH\Database\BaseConnection.php on line 646.
 1 SYSTEMPATH\Database\BaseBuilder.php(1615): CodeIgniter\Database\BaseConnection->query('SELECT `detalle_venta`.*, `confeccion`.`descripcion` as `confeccion`, `confeccion`.`categoria` as `categoria`, `tela`.`nombre` as `tela`, `tela`.`precio` as `precio_tela`, `detalle_venta`.`metros_tela`
FROM `detalle_venta`
LEFT JOIN `confeccion` ON `confeccion`.`id` = `detalle_venta`.`idConfeccion`
LEFT JOIN `tela` ON `tela`.`id` = `detalle_venta`.`idTela`
WHERE `detalle_venta`.`idVenta` = :detalle_venta.idVenta:', [...], false)
 2 SYSTEMPATH\Model.php(237): CodeIgniter\Database\BaseBuilder->get()
 3 SYSTEMPATH\BaseModel.php(624): CodeIgniter\Model->doFindAll(0, 0)
 4 APPPATH\Controllers\Ventas.php(213): CodeIgniter\BaseModel->findAll()
 5 SYSTEMPATH\CodeIgniter.php(919): App\Controllers\Ventas->ver('11')
 6 SYSTEMPATH\CodeIgniter.php(494): CodeIgniter\CodeIgniter->runController(Object(App\Controllers\Ventas))
 7 SYSTEMPATH\CodeIgniter.php(353): CodeIgniter\CodeIgniter->handleRequest(null, Object(Config\Cache), false)
 8 FCPATH\index.php(79): CodeIgniter\CodeIgniter->run()
ERROR - 2024-11-20 13:53:41 --> mysqli_sql_exception: Unknown column 'detalle_venta.metros' in 'field list' in C:\xampp\htdocs\code4\system\Database\MySQLi\Connection.php:306
Stack trace:
#0 C:\xampp\htdocs\code4\system\Database\MySQLi\Connection.php(306): mysqli->query('SELECT `detalle...', 0)
#1 C:\xampp\htdocs\code4\system\Database\BaseConnection.php(692): CodeIgniter\Database\MySQLi\Connection->execute('SELECT `detalle...')
#2 C:\xampp\htdocs\code4\system\Database\BaseConnection.php(606): CodeIgniter\Database\BaseConnection->simpleQuery('SELECT `detalle...')
#3 C:\xampp\htdocs\code4\system\Database\BaseBuilder.php(1615): CodeIgniter\Database\BaseConnection->query('SELECT `detalle...', Array, false)
#4 C:\xampp\htdocs\code4\system\Model.php(237): CodeIgniter\Database\BaseBuilder->get()
#5 C:\xampp\htdocs\code4\system\BaseModel.php(624): CodeIgniter\Model->doFindAll(0, 0)
#6 C:\xampp\htdocs\code4\app\Controllers\Ventas.php(212): CodeIgniter\BaseModel->findAll()
#7 C:\xampp\htdocs\code4\system\CodeIgniter.php(919): App\Controllers\Ventas->ver('11')
#8 C:\xampp\htdocs\code4\system\CodeIgniter.php(494): CodeIgniter\CodeIgniter->runController(Object(App\Controllers\Ventas))
#9 C:\xampp\htdocs\code4\system\CodeIgniter.php(353): CodeIgniter\CodeIgniter->handleRequest(NULL, Object(Config\Cache), false)
#10 C:\xampp\htdocs\code4\public\index.php(79): CodeIgniter\CodeIgniter->run()
#11 {main}
CRITICAL - 2024-11-20 13:53:41 --> Unknown column 'detalle_venta.metros' in 'field list'
in SYSTEMPATH\Database\BaseConnection.php on line 646.
 1 SYSTEMPATH\Database\BaseBuilder.php(1615): CodeIgniter\Database\BaseConnection->query('SELECT `detalle_venta`.*, `confeccion`.`descripcion` as `confeccion`, `confeccion`.`categoria`, `tela`.`nombre` as `tela`, `tela`.`precio` as `precio_tela`, `detalle_venta`.`metros`
FROM `detalle_venta`
LEFT JOIN `confeccion` ON `confeccion`.`id` = `detalle_venta`.`idConfeccion`
LEFT JOIN `tela` ON `tela`.`id` = `detalle_venta`.`idTela`
WHERE `detalle_venta`.`idVenta` = :detalle_venta.idVenta:', [...], false)
 2 SYSTEMPATH\Model.php(237): CodeIgniter\Database\BaseBuilder->get()
 3 SYSTEMPATH\BaseModel.php(624): CodeIgniter\Model->doFindAll(0, 0)
 4 APPPATH\Controllers\Ventas.php(212): CodeIgniter\BaseModel->findAll()
 5 SYSTEMPATH\CodeIgniter.php(919): App\Controllers\Ventas->ver('11')
 6 SYSTEMPATH\CodeIgniter.php(494): CodeIgniter\CodeIgniter->runController(Object(App\Controllers\Ventas))
 7 SYSTEMPATH\CodeIgniter.php(353): CodeIgniter\CodeIgniter->handleRequest(null, Object(Config\Cache), false)
 8 FCPATH\index.php(79): CodeIgniter\CodeIgniter->run()
ERROR - 2024-11-20 13:53:53 --> mysqli_sql_exception: Unknown column 'detalle_venta.metros' in 'field list' in C:\xampp\htdocs\code4\system\Database\MySQLi\Connection.php:306
Stack trace:
#0 C:\xampp\htdocs\code4\system\Database\MySQLi\Connection.php(306): mysqli->query('SELECT `detalle...', 0)
#1 C:\xampp\htdocs\code4\system\Database\BaseConnection.php(692): CodeIgniter\Database\MySQLi\Connection->execute('SELECT `detalle...')
#2 C:\xampp\htdocs\code4\system\Database\BaseConnection.php(606): CodeIgniter\Database\BaseConnection->simpleQuery('SELECT `detalle...')
#3 C:\xampp\htdocs\code4\system\Database\BaseBuilder.php(1615): CodeIgniter\Database\BaseConnection->query('SELECT `detalle...', Array, false)
#4 C:\xampp\htdocs\code4\system\Model.php(237): CodeIgniter\Database\BaseBuilder->get()
#5 C:\xampp\htdocs\code4\system\BaseModel.php(624): CodeIgniter\Model->doFindAll(0, 0)
#6 C:\xampp\htdocs\code4\app\Controllers\Ventas.php(212): CodeIgniter\BaseModel->findAll()
#7 C:\xampp\htdocs\code4\system\CodeIgniter.php(919): App\Controllers\Ventas->ver('11')
#8 C:\xampp\htdocs\code4\system\CodeIgniter.php(494): CodeIgniter\CodeIgniter->runController(Object(App\Controllers\Ventas))
#9 C:\xampp\htdocs\code4\system\CodeIgniter.php(353): CodeIgniter\CodeIgniter->handleRequest(NULL, Object(Config\Cache), false)
#10 C:\xampp\htdocs\code4\public\index.php(79): CodeIgniter\CodeIgniter->run()
#11 {main}
CRITICAL - 2024-11-20 13:53:53 --> Unknown column 'detalle_venta.metros' in 'field list'
in SYSTEMPATH\Database\BaseConnection.php on line 646.
 1 SYSTEMPATH\Database\BaseBuilder.php(1615): CodeIgniter\Database\BaseConnection->query('SELECT `detalle_venta`.*, `confeccion`.`descripcion` as `confeccion`, `confeccion`.`categoria`, `tela`.`nombre` as `tela`, `tela`.`precio` as `precio_tela`, `detalle_venta`.`metros`
FROM `detalle_venta`
LEFT JOIN `confeccion` ON `confeccion`.`id` = `detalle_venta`.`idConfeccion`
LEFT JOIN `tela` ON `tela`.`id` = `detalle_venta`.`idTela`
WHERE `detalle_venta`.`idVenta` = :detalle_venta.idVenta:', [...], false)
 2 SYSTEMPATH\Model.php(237): CodeIgniter\Database\BaseBuilder->get()
 3 SYSTEMPATH\BaseModel.php(624): CodeIgniter\Model->doFindAll(0, 0)
 4 APPPATH\Controllers\Ventas.php(212): CodeIgniter\BaseModel->findAll()
 5 SYSTEMPATH\CodeIgniter.php(919): App\Controllers\Ventas->ver('11')
 6 SYSTEMPATH\CodeIgniter.php(494): CodeIgniter\CodeIgniter->runController(Object(App\Controllers\Ventas))
 7 SYSTEMPATH\CodeIgniter.php(353): CodeIgniter\CodeIgniter->handleRequest(null, Object(Config\Cache), false)
 8 FCPATH\index.php(79): CodeIgniter\CodeIgniter->run()
ERROR - 2024-11-20 13:53:53 --> mysqli_sql_exception: Unknown column 'detalle_venta.metros' in 'field list' in C:\xampp\htdocs\code4\system\Database\MySQLi\Connection.php:306
Stack trace:
#0 C:\xampp\htdocs\code4\system\Database\MySQLi\Connection.php(306): mysqli->query('SELECT `detalle...', 0)
#1 C:\xampp\htdocs\code4\system\Database\BaseConnection.php(692): CodeIgniter\Database\MySQLi\Connection->execute('SELECT `detalle...')
#2 C:\xampp\htdocs\code4\system\Database\BaseConnection.php(606): CodeIgniter\Database\BaseConnection->simpleQuery('SELECT `detalle...')
#3 C:\xampp\htdocs\code4\system\Database\BaseBuilder.php(1615): CodeIgniter\Database\BaseConnection->query('SELECT `detalle...', Array, false)
#4 C:\xampp\htdocs\code4\system\Model.php(237): CodeIgniter\Database\BaseBuilder->get()
#5 C:\xampp\htdocs\code4\system\BaseModel.php(624): CodeIgniter\Model->doFindAll(0, 0)
#6 C:\xampp\htdocs\code4\app\Controllers\Ventas.php(212): CodeIgniter\BaseModel->findAll()
#7 C:\xampp\htdocs\code4\system\CodeIgniter.php(919): App\Controllers\Ventas->ver('11')
#8 C:\xampp\htdocs\code4\system\CodeIgniter.php(494): CodeIgniter\CodeIgniter->runController(Object(App\Controllers\Ventas))
#9 C:\xampp\htdocs\code4\system\CodeIgniter.php(353): CodeIgniter\CodeIgniter->handleRequest(NULL, Object(Config\Cache), false)
#10 C:\xampp\htdocs\code4\public\index.php(79): CodeIgniter\CodeIgniter->run()
#11 {main}
CRITICAL - 2024-11-20 13:53:53 --> Unknown column 'detalle_venta.metros' in 'field list'
in SYSTEMPATH\Database\BaseConnection.php on line 646.
 1 SYSTEMPATH\Database\BaseBuilder.php(1615): CodeIgniter\Database\BaseConnection->query('SELECT `detalle_venta`.*, `confeccion`.`descripcion` as `confeccion`, `confeccion`.`categoria`, `tela`.`nombre` as `tela`, `tela`.`precio` as `precio_tela`, `detalle_venta`.`metros`
FROM `detalle_venta`
LEFT JOIN `confeccion` ON `confeccion`.`id` = `detalle_venta`.`idConfeccion`
LEFT JOIN `tela` ON `tela`.`id` = `detalle_venta`.`idTela`
WHERE `detalle_venta`.`idVenta` = :detalle_venta.idVenta:', [...], false)
 2 SYSTEMPATH\Model.php(237): CodeIgniter\Database\BaseBuilder->get()
 3 SYSTEMPATH\BaseModel.php(624): CodeIgniter\Model->doFindAll(0, 0)
 4 APPPATH\Controllers\Ventas.php(212): CodeIgniter\BaseModel->findAll()
 5 SYSTEMPATH\CodeIgniter.php(919): App\Controllers\Ventas->ver('11')
 6 SYSTEMPATH\CodeIgniter.php(494): CodeIgniter\CodeIgniter->runController(Object(App\Controllers\Ventas))
 7 SYSTEMPATH\CodeIgniter.php(353): CodeIgniter\CodeIgniter->handleRequest(null, Object(Config\Cache), false)
 8 FCPATH\index.php(79): CodeIgniter\CodeIgniter->run()
CRITICAL - 2024-11-20 15:53:58 --> Undefined array key "idConfeccion"
in APPPATH\Controllers\Ventas.php on line 105.
 1 APPPATH\Controllers\Ventas.php(105): CodeIgniter\Debug\Exceptions->errorHandler(2, 'Undefined array key "idConfeccion"', 'C:\\xampp\\htdocs\\code4\\app\\Controllers\\Ventas.php', 105)
 2 SYSTEMPATH\CodeIgniter.php(919): App\Controllers\Ventas->guardarVenta()
 3 SYSTEMPATH\CodeIgniter.php(494): CodeIgniter\CodeIgniter->runController(Object(App\Controllers\Ventas))
 4 SYSTEMPATH\CodeIgniter.php(353): CodeIgniter\CodeIgniter->handleRequest(null, Object(Config\Cache), false)
 5 FCPATH\index.php(79): CodeIgniter\CodeIgniter->run()
ERROR - 2024-11-20 16:31:50 --> Error procesando detalle: A non-numeric value encountered
ERROR - 2024-11-20 16:33:28 --> mysqli_sql_exception: Cannot add or update a child row: a foreign key constraint fails (`bddproyecto`.`detalle_venta`, CONSTRAINT `fk_detalle_venta_confeccion1` FOREIGN KEY (`idConfeccion`) REFERENCES `confeccion` (`id`)) in C:\xampp\htdocs\code4\system\Database\MySQLi\Connection.php:306
Stack trace:
#0 C:\xampp\htdocs\code4\system\Database\MySQLi\Connection.php(306): mysqli->query('INSERT INTO `de...', 0)
#1 C:\xampp\htdocs\code4\system\Database\BaseConnection.php(692): CodeIgniter\Database\MySQLi\Connection->execute('INSERT INTO `de...')
#2 C:\xampp\htdocs\code4\system\Database\BaseConnection.php(606): CodeIgniter\Database\BaseConnection->simpleQuery('INSERT INTO `de...')
#3 C:\xampp\htdocs\code4\system\Database\BaseBuilder.php(2308): CodeIgniter\Database\BaseConnection->query('INSERT INTO `de...', Array, false)
#4 C:\xampp\htdocs\code4\system\Model.php(319): CodeIgniter\Database\BaseBuilder->insert()
#5 C:\xampp\htdocs\code4\system\BaseModel.php(788): CodeIgniter\Model->doInsert(Array)
#6 C:\xampp\htdocs\code4\system\Model.php(715): CodeIgniter\BaseModel->insert(Array, true)
#7 C:\xampp\htdocs\code4\app\Controllers\Ventas.php(142): CodeIgniter\Model->insert(Array)
#8 C:\xampp\htdocs\code4\system\CodeIgniter.php(919): App\Controllers\Ventas->guardarVenta()
#9 C:\xampp\htdocs\code4\system\CodeIgniter.php(494): CodeIgniter\CodeIgniter->runController(Object(App\Controllers\Ventas))
#10 C:\xampp\htdocs\code4\system\CodeIgniter.php(353): CodeIgniter\CodeIgniter->handleRequest(NULL, Object(Config\Cache), false)
#11 C:\xampp\htdocs\code4\public\index.php(79): CodeIgniter\CodeIgniter->run()
#12 {main}
CRITICAL - 2024-11-20 16:33:28 --> Cannot add or update a child row: a foreign key constraint fails (`bddproyecto`.`detalle_venta`, CONSTRAINT `fk_detalle_venta_confeccion1` FOREIGN KEY (`idConfeccion`) REFERENCES `confeccion` (`id`))
in SYSTEMPATH\Database\BaseConnection.php on line 646.
 1 SYSTEMPATH\Database\BaseBuilder.php(2308): CodeIgniter\Database\BaseConnection->query('INSERT INTO `detalle_venta` (`idVenta`, `idConfeccion`, `idTela`, `cantidad`, `precio_unitario`, `metrosTela`, `subtotal`, `adelanto`, `restante`, `fechaPrueba`, `fechaEntrega`) VALUES (:idVenta:, :idConfeccion:, :idTela:, :cantidad:, :precio_unitario:, :metrosTela:, :subtotal:, :adelanto:, :restante:, :fechaPrueba:, :fechaEntrega:)', [...], false)
 2 SYSTEMPATH\Model.php(319): CodeIgniter\Database\BaseBuilder->insert()
 3 SYSTEMPATH\BaseModel.php(788): CodeIgniter\Model->doInsert([...])
 4 SYSTEMPATH\Model.php(715): CodeIgniter\BaseModel->insert([...], true)
 5 APPPATH\Controllers\Ventas.php(142): CodeIgniter\Model->insert([...])
 6 SYSTEMPATH\CodeIgniter.php(919): App\Controllers\Ventas->guardarVenta()
 7 SYSTEMPATH\CodeIgniter.php(494): CodeIgniter\CodeIgniter->runController(Object(App\Controllers\Ventas))
 8 SYSTEMPATH\CodeIgniter.php(353): CodeIgniter\CodeIgniter->handleRequest(null, Object(Config\Cache), false)
 9 FCPATH\index.php(79): CodeIgniter\CodeIgniter->run()
ERROR - 2024-11-20 17:11:09 --> mysqli_sql_exception: Cannot delete or update a parent row: a foreign key constraint fails (`bddproyecto`.`detalle_venta`, CONSTRAINT `fk_detalle_venta_venta1` FOREIGN KEY (`idVenta`) REFERENCES `venta` (`idVenta`)) in C:\xampp\htdocs\code4\system\Database\MySQLi\Connection.php:306
Stack trace:
#0 C:\xampp\htdocs\code4\system\Database\MySQLi\Connection.php(306): mysqli->query('DELETE FROM `ve...', 0)
#1 C:\xampp\htdocs\code4\system\Database\BaseConnection.php(692): CodeIgniter\Database\MySQLi\Connection->execute('DELETE FROM `ve...')
#2 C:\xampp\htdocs\code4\system\Database\BaseConnection.php(606): CodeIgniter\Database\BaseConnection->simpleQuery('DELETE FROM `ve...')
#3 C:\xampp\htdocs\code4\system\Database\BaseBuilder.php(2790): CodeIgniter\Database\BaseConnection->query('DELETE FROM `ve...', Array, false)
#4 C:\xampp\htdocs\code4\system\Model.php(445): CodeIgniter\Database\BaseBuilder->delete()
#5 C:\xampp\htdocs\code4\system\BaseModel.php(1080): CodeIgniter\Model->doDelete(Array, false)
#6 C:\xampp\htdocs\code4\app\Controllers\Ventas.php(211): CodeIgniter\BaseModel->delete(Array)
#7 C:\xampp\htdocs\code4\system\CodeIgniter.php(919): App\Controllers\Ventas->borrar('24')
#8 C:\xampp\htdocs\code4\system\CodeIgniter.php(494): CodeIgniter\CodeIgniter->runController(Object(App\Controllers\Ventas))
#9 C:\xampp\htdocs\code4\system\CodeIgniter.php(353): CodeIgniter\CodeIgniter->handleRequest(NULL, Object(Config\Cache), false)
#10 C:\xampp\htdocs\code4\public\index.php(79): CodeIgniter\CodeIgniter->run()
#11 {main}
CRITICAL - 2024-11-20 17:11:09 --> Cannot delete or update a parent row: a foreign key constraint fails (`bddproyecto`.`detalle_venta`, CONSTRAINT `fk_detalle_venta_venta1` FOREIGN KEY (`idVenta`) REFERENCES `venta` (`idVenta`))
in SYSTEMPATH\Database\BaseConnection.php on line 646.
 1 SYSTEMPATH\Database\BaseBuilder.php(2790): CodeIgniter\Database\BaseConnection->query('DELETE FROM `venta`
WHERE `idVenta` IN :idVenta:', [...], false)
 2 SYSTEMPATH\Model.php(445): CodeIgniter\Database\BaseBuilder->delete()
 3 SYSTEMPATH\BaseModel.php(1080): CodeIgniter\Model->doDelete([...], false)
 4 APPPATH\Controllers\Ventas.php(211): CodeIgniter\BaseModel->delete([...])
 5 SYSTEMPATH\CodeIgniter.php(919): App\Controllers\Ventas->borrar('24')
 6 SYSTEMPATH\CodeIgniter.php(494): CodeIgniter\CodeIgniter->runController(Object(App\Controllers\Ventas))
 7 SYSTEMPATH\CodeIgniter.php(353): CodeIgniter\CodeIgniter->handleRequest(null, Object(Config\Cache), false)
 8 FCPATH\index.php(79): CodeIgniter\CodeIgniter->run()
ERROR - 2024-11-20 18:51:26 --> Credenciales inválidas para el usuario: izaya65741131@gmail.com
ERROR - 2024-11-20 18:58:00 --> mysqli_sql_exception: Table 'bddproyecto.clientes' doesn't exist in C:\xampp\htdocs\code4\system\Database\MySQLi\Connection.php:306
Stack trace:
#0 C:\xampp\htdocs\code4\system\Database\MySQLi\Connection.php(306): mysqli->query('SELECT COUNT(*)...', 0)
#1 C:\xampp\htdocs\code4\system\Database\BaseConnection.php(692): CodeIgniter\Database\MySQLi\Connection->execute('SELECT COUNT(*)...')
#2 C:\xampp\htdocs\code4\system\Database\BaseConnection.php(606): CodeIgniter\Database\BaseConnection->simpleQuery('SELECT COUNT(*)...')
#3 C:\xampp\htdocs\code4\system\Database\BaseBuilder.php(1699): CodeIgniter\Database\BaseConnection->query('SELECT COUNT(*)...', Array, false)
#4 C:\xampp\htdocs\code4\system\Model.php(599): CodeIgniter\Database\BaseBuilder->countAllResults(false)
#5 C:\xampp\htdocs\code4\system\BaseModel.php(1203): CodeIgniter\Model->countAllResults(false)
#6 C:\xampp\htdocs\code4\app\Controllers\Ventas.php(163): CodeIgniter\BaseModel->paginate(10)
#7 C:\xampp\htdocs\code4\system\CodeIgniter.php(919): App\Controllers\Ventas->index()
#8 C:\xampp\htdocs\code4\system\CodeIgniter.php(494): CodeIgniter\CodeIgniter->runController(Object(App\Controllers\Ventas))
#9 C:\xampp\htdocs\code4\system\CodeIgniter.php(353): CodeIgniter\CodeIgniter->handleRequest(NULL, Object(Config\Cache), false)
#10 C:\xampp\htdocs\code4\public\index.php(79): CodeIgniter\CodeIgniter->run()
#11 {main}
CRITICAL - 2024-11-20 18:58:00 --> Table 'bddproyecto.clientes' doesn't exist
in SYSTEMPATH\Database\BaseConnection.php on line 646.
 1 SYSTEMPATH\Database\BaseBuilder.php(1699): CodeIgniter\Database\BaseConnection->query('SELECT COUNT(*) AS `numrows`
FROM `venta`
JOIN `clientes` ON `clientes`.`id` = `ventas`.`idCliente`
WHERE `estado` = :estado:
AND  `clientes`.`nombre` LIKE :clientes.nombre: ESCAPE \'!\'
OR  `clientes`.`apellido` LIKE :clientes.apellido: ESCAPE \'!\'', [...], false)
 2 SYSTEMPATH\Model.php(599): CodeIgniter\Database\BaseBuilder->countAllResults(false)
 3 SYSTEMPATH\BaseModel.php(1203): CodeIgniter\Model->countAllResults(false)
 4 APPPATH\Controllers\Ventas.php(163): CodeIgniter\BaseModel->paginate(10)
 5 SYSTEMPATH\CodeIgniter.php(919): App\Controllers\Ventas->index()
 6 SYSTEMPATH\CodeIgniter.php(494): CodeIgniter\CodeIgniter->runController(Object(App\Controllers\Ventas))
 7 SYSTEMPATH\CodeIgniter.php(353): CodeIgniter\CodeIgniter->handleRequest(null, Object(Config\Cache), false)
 8 FCPATH\index.php(79): CodeIgniter\CodeIgniter->run()
ERROR - 2024-11-20 18:58:09 --> mysqli_sql_exception: Table 'bddproyecto.clientes' doesn't exist in C:\xampp\htdocs\code4\system\Database\MySQLi\Connection.php:306
Stack trace:
#0 C:\xampp\htdocs\code4\system\Database\MySQLi\Connection.php(306): mysqli->query('SELECT COUNT(*)...', 0)
#1 C:\xampp\htdocs\code4\system\Database\BaseConnection.php(692): CodeIgniter\Database\MySQLi\Connection->execute('SELECT COUNT(*)...')
#2 C:\xampp\htdocs\code4\system\Database\BaseConnection.php(606): CodeIgniter\Database\BaseConnection->simpleQuery('SELECT COUNT(*)...')
#3 C:\xampp\htdocs\code4\system\Database\BaseBuilder.php(1699): CodeIgniter\Database\BaseConnection->query('SELECT COUNT(*)...', Array, false)
#4 C:\xampp\htdocs\code4\system\Model.php(599): CodeIgniter\Database\BaseBuilder->countAllResults(false)
#5 C:\xampp\htdocs\code4\system\BaseModel.php(1203): CodeIgniter\Model->countAllResults(false)
#6 C:\xampp\htdocs\code4\app\Controllers\Ventas.php(163): CodeIgniter\BaseModel->paginate(10)
#7 C:\xampp\htdocs\code4\system\CodeIgniter.php(919): App\Controllers\Ventas->index()
#8 C:\xampp\htdocs\code4\system\CodeIgniter.php(494): CodeIgniter\CodeIgniter->runController(Object(App\Controllers\Ventas))
#9 C:\xampp\htdocs\code4\system\CodeIgniter.php(353): CodeIgniter\CodeIgniter->handleRequest(NULL, Object(Config\Cache), false)
#10 C:\xampp\htdocs\code4\public\index.php(79): CodeIgniter\CodeIgniter->run()
#11 {main}
CRITICAL - 2024-11-20 18:58:09 --> Table 'bddproyecto.clientes' doesn't exist
in SYSTEMPATH\Database\BaseConnection.php on line 646.
 1 SYSTEMPATH\Database\BaseBuilder.php(1699): CodeIgniter\Database\BaseConnection->query('SELECT COUNT(*) AS `numrows`
FROM `venta`
JOIN `clientes` ON `clientes`.`id` = `ventas`.`idCliente`
WHERE `estado` = :estado:
AND  `clientes`.`nombre` LIKE :clientes.nombre: ESCAPE \'!\'
OR  `clientes`.`apellido` LIKE :clientes.apellido: ESCAPE \'!\'', [...], false)
 2 SYSTEMPATH\Model.php(599): CodeIgniter\Database\BaseBuilder->countAllResults(false)
 3 SYSTEMPATH\BaseModel.php(1203): CodeIgniter\Model->countAllResults(false)
 4 APPPATH\Controllers\Ventas.php(163): CodeIgniter\BaseModel->paginate(10)
 5 SYSTEMPATH\CodeIgniter.php(919): App\Controllers\Ventas->index()
 6 SYSTEMPATH\CodeIgniter.php(494): CodeIgniter\CodeIgniter->runController(Object(App\Controllers\Ventas))
 7 SYSTEMPATH\CodeIgniter.php(353): CodeIgniter\CodeIgniter->handleRequest(null, Object(Config\Cache), false)
 8 FCPATH\index.php(79): CodeIgniter\CodeIgniter->run()
CRITICAL - 2024-11-20 19:40:58 --> Undefined variable $cliente
in APPPATH\Views\venta\crearVenta.php on line 19.
 1 APPPATH\Views\venta\crearVenta.php(19): CodeIgniter\Debug\Exceptions->errorHandler(2, 'Undefined variable $cliente', 'C:\\xampp\\htdocs\\code4\\app\\Views\\venta\\crearVenta.php', 19)
 2 SYSTEMPATH\View\View.php(226): include('C:\\xampp\\htdocs\\code4\\app\\Views\\venta\\crearVenta.php')
 3 SYSTEMPATH\View\View.php(229): CodeIgniter\View\View->CodeIgniter\View\{closure}()
 4 SYSTEMPATH\Common.php(1188): CodeIgniter\View\View->render('venta/crearVenta', [], true)
 5 APPPATH\Controllers\Ventas.php(40): view('venta/crearVenta', [...])
 6 SYSTEMPATH\CodeIgniter.php(919): App\Controllers\Ventas->crear()
 7 SYSTEMPATH\CodeIgniter.php(494): CodeIgniter\CodeIgniter->runController(Object(App\Controllers\Ventas))
 8 SYSTEMPATH\CodeIgniter.php(353): CodeIgniter\CodeIgniter->handleRequest(null, Object(Config\Cache), false)
 9 FCPATH\index.php(79): CodeIgniter\CodeIgniter->run()
CRITICAL - 2024-11-20 19:42:36 --> Undefined variable $cliente
in APPPATH\Views\venta\crearVenta.php on line 21.
 1 APPPATH\Views\venta\crearVenta.php(21): CodeIgniter\Debug\Exceptions->errorHandler(2, 'Undefined variable $cliente', 'C:\\xampp\\htdocs\\code4\\app\\Views\\venta\\crearVenta.php', 21)
 2 SYSTEMPATH\View\View.php(226): include('C:\\xampp\\htdocs\\code4\\app\\Views\\venta\\crearVenta.php')
 3 SYSTEMPATH\View\View.php(229): CodeIgniter\View\View->CodeIgniter\View\{closure}()
 4 SYSTEMPATH\Common.php(1188): CodeIgniter\View\View->render('venta/crearVenta', [], true)
 5 APPPATH\Controllers\Ventas.php(40): view('venta/crearVenta', [...])
 6 SYSTEMPATH\CodeIgniter.php(919): App\Controllers\Ventas->crear()
 7 SYSTEMPATH\CodeIgniter.php(494): CodeIgniter\CodeIgniter->runController(Object(App\Controllers\Ventas))
 8 SYSTEMPATH\CodeIgniter.php(353): CodeIgniter\CodeIgniter->handleRequest(null, Object(Config\Cache), false)
 9 FCPATH\index.php(79): CodeIgniter\CodeIgniter->run()
CRITICAL - 2024-11-20 19:42:39 --> Undefined variable $cliente
in APPPATH\Views\venta\crearVenta.php on line 21.
 1 APPPATH\Views\venta\crearVenta.php(21): CodeIgniter\Debug\Exceptions->errorHandler(2, 'Undefined variable $cliente', 'C:\\xampp\\htdocs\\code4\\app\\Views\\venta\\crearVenta.php', 21)
 2 SYSTEMPATH\View\View.php(226): include('C:\\xampp\\htdocs\\code4\\app\\Views\\venta\\crearVenta.php')
 3 SYSTEMPATH\View\View.php(229): CodeIgniter\View\View->CodeIgniter\View\{closure}()
 4 SYSTEMPATH\Common.php(1188): CodeIgniter\View\View->render('venta/crearVenta', [], true)
 5 APPPATH\Controllers\Ventas.php(40): view('venta/crearVenta', [...])
 6 SYSTEMPATH\CodeIgniter.php(919): App\Controllers\Ventas->crear()
 7 SYSTEMPATH\CodeIgniter.php(494): CodeIgniter\CodeIgniter->runController(Object(App\Controllers\Ventas))
 8 SYSTEMPATH\CodeIgniter.php(353): CodeIgniter\CodeIgniter->handleRequest(null, Object(Config\Cache), false)
 9 FCPATH\index.php(79): CodeIgniter\CodeIgniter->run()
CRITICAL - 2024-11-20 19:43:08 --> Undefined variable $cliente
in APPPATH\Views\venta\crearVenta.php on line 21.
 1 APPPATH\Views\venta\crearVenta.php(21): CodeIgniter\Debug\Exceptions->errorHandler(2, 'Undefined variable $cliente', 'C:\\xampp\\htdocs\\code4\\app\\Views\\venta\\crearVenta.php', 21)
 2 SYSTEMPATH\View\View.php(226): include('C:\\xampp\\htdocs\\code4\\app\\Views\\venta\\crearVenta.php')
 3 SYSTEMPATH\View\View.php(229): CodeIgniter\View\View->CodeIgniter\View\{closure}()
 4 SYSTEMPATH\Common.php(1188): CodeIgniter\View\View->render('venta/crearVenta', [], true)
 5 APPPATH\Controllers\Ventas.php(40): view('venta/crearVenta', [...])
 6 SYSTEMPATH\CodeIgniter.php(919): App\Controllers\Ventas->crear()
 7 SYSTEMPATH\CodeIgniter.php(494): CodeIgniter\CodeIgniter->runController(Object(App\Controllers\Ventas))
 8 SYSTEMPATH\CodeIgniter.php(353): CodeIgniter\CodeIgniter->handleRequest(null, Object(Config\Cache), false)
 9 FCPATH\index.php(79): CodeIgniter\CodeIgniter->run()
CRITICAL - 2024-11-20 19:45:46 --> Undefined variable $cliente
in APPPATH\Views\venta\crearVenta.php on line 21.
 1 APPPATH\Views\venta\crearVenta.php(21): CodeIgniter\Debug\Exceptions->errorHandler(2, 'Undefined variable $cliente', 'C:\\xampp\\htdocs\\code4\\app\\Views\\venta\\crearVenta.php', 21)
 2 SYSTEMPATH\View\View.php(226): include('C:\\xampp\\htdocs\\code4\\app\\Views\\venta\\crearVenta.php')
 3 SYSTEMPATH\View\View.php(229): CodeIgniter\View\View->CodeIgniter\View\{closure}()
 4 SYSTEMPATH\Common.php(1188): CodeIgniter\View\View->render('venta/crearVenta', [], true)
 5 APPPATH\Controllers\Ventas.php(40): view('venta/crearVenta', [...])
 6 SYSTEMPATH\CodeIgniter.php(919): App\Controllers\Ventas->crear()
 7 SYSTEMPATH\CodeIgniter.php(494): CodeIgniter\CodeIgniter->runController(Object(App\Controllers\Ventas))
 8 SYSTEMPATH\CodeIgniter.php(353): CodeIgniter\CodeIgniter->handleRequest(null, Object(Config\Cache), false)
 9 FCPATH\index.php(79): CodeIgniter\CodeIgniter->run()
CRITICAL - 2024-11-20 19:45:47 --> Undefined variable $cliente
in APPPATH\Views\venta\crearVenta.php on line 21.
 1 APPPATH\Views\venta\crearVenta.php(21): CodeIgniter\Debug\Exceptions->errorHandler(2, 'Undefined variable $cliente', 'C:\\xampp\\htdocs\\code4\\app\\Views\\venta\\crearVenta.php', 21)
 2 SYSTEMPATH\View\View.php(226): include('C:\\xampp\\htdocs\\code4\\app\\Views\\venta\\crearVenta.php')
 3 SYSTEMPATH\View\View.php(229): CodeIgniter\View\View->CodeIgniter\View\{closure}()
 4 SYSTEMPATH\Common.php(1188): CodeIgniter\View\View->render('venta/crearVenta', [], true)
 5 APPPATH\Controllers\Ventas.php(40): view('venta/crearVenta', [...])
 6 SYSTEMPATH\CodeIgniter.php(919): App\Controllers\Ventas->crear()
 7 SYSTEMPATH\CodeIgniter.php(494): CodeIgniter\CodeIgniter->runController(Object(App\Controllers\Ventas))
 8 SYSTEMPATH\CodeIgniter.php(353): CodeIgniter\CodeIgniter->handleRequest(null, Object(Config\Cache), false)
 9 FCPATH\index.php(79): CodeIgniter\CodeIgniter->run()
CRITICAL - 2024-11-20 19:45:48 --> Undefined variable $cliente
in APPPATH\Views\venta\crearVenta.php on line 21.
 1 APPPATH\Views\venta\crearVenta.php(21): CodeIgniter\Debug\Exceptions->errorHandler(2, 'Undefined variable $cliente', 'C:\\xampp\\htdocs\\code4\\app\\Views\\venta\\crearVenta.php', 21)
 2 SYSTEMPATH\View\View.php(226): include('C:\\xampp\\htdocs\\code4\\app\\Views\\venta\\crearVenta.php')
 3 SYSTEMPATH\View\View.php(229): CodeIgniter\View\View->CodeIgniter\View\{closure}()
 4 SYSTEMPATH\Common.php(1188): CodeIgniter\View\View->render('venta/crearVenta', [], true)
 5 APPPATH\Controllers\Ventas.php(40): view('venta/crearVenta', [...])
 6 SYSTEMPATH\CodeIgniter.php(919): App\Controllers\Ventas->crear()
 7 SYSTEMPATH\CodeIgniter.php(494): CodeIgniter\CodeIgniter->runController(Object(App\Controllers\Ventas))
 8 SYSTEMPATH\CodeIgniter.php(353): CodeIgniter\CodeIgniter->handleRequest(null, Object(Config\Cache), false)
 9 FCPATH\index.php(79): CodeIgniter\CodeIgniter->run()
CRITICAL - 2024-11-20 19:45:50 --> Undefined variable $cliente
in APPPATH\Views\venta\crearVenta.php on line 21.
 1 APPPATH\Views\venta\crearVenta.php(21): CodeIgniter\Debug\Exceptions->errorHandler(2, 'Undefined variable $cliente', 'C:\\xampp\\htdocs\\code4\\app\\Views\\venta\\crearVenta.php', 21)
 2 SYSTEMPATH\View\View.php(226): include('C:\\xampp\\htdocs\\code4\\app\\Views\\venta\\crearVenta.php')
 3 SYSTEMPATH\View\View.php(229): CodeIgniter\View\View->CodeIgniter\View\{closure}()
 4 SYSTEMPATH\Common.php(1188): CodeIgniter\View\View->render('venta/crearVenta', [], true)
 5 APPPATH\Controllers\Ventas.php(40): view('venta/crearVenta', [...])
 6 SYSTEMPATH\CodeIgniter.php(919): App\Controllers\Ventas->crear()
 7 SYSTEMPATH\CodeIgniter.php(494): CodeIgniter\CodeIgniter->runController(Object(App\Controllers\Ventas))
 8 SYSTEMPATH\CodeIgniter.php(353): CodeIgniter\CodeIgniter->handleRequest(null, Object(Config\Cache), false)
 9 FCPATH\index.php(79): CodeIgniter\CodeIgniter->run()
CRITICAL - 2024-11-20 19:47:53 --> Undefined variable $cliente
in APPPATH\Views\venta\crearVenta.php on line 21.
 1 APPPATH\Views\venta\crearVenta.php(21): CodeIgniter\Debug\Exceptions->errorHandler(2, 'Undefined variable $cliente', 'C:\\xampp\\htdocs\\code4\\app\\Views\\venta\\crearVenta.php', 21)
 2 SYSTEMPATH\View\View.php(226): include('C:\\xampp\\htdocs\\code4\\app\\Views\\venta\\crearVenta.php')
 3 SYSTEMPATH\View\View.php(229): CodeIgniter\View\View->CodeIgniter\View\{closure}()
 4 SYSTEMPATH\Common.php(1188): CodeIgniter\View\View->render('venta/crearVenta', [], true)
 5 APPPATH\Controllers\Ventas.php(40): view('venta/crearVenta', [...])
 6 SYSTEMPATH\CodeIgniter.php(919): App\Controllers\Ventas->crear()
 7 SYSTEMPATH\CodeIgniter.php(494): CodeIgniter\CodeIgniter->runController(Object(App\Controllers\Ventas))
 8 SYSTEMPATH\CodeIgniter.php(353): CodeIgniter\CodeIgniter->handleRequest(null, Object(Config\Cache), false)
 9 FCPATH\index.php(79): CodeIgniter\CodeIgniter->run()
CRITICAL - 2024-11-20 19:47:54 --> Undefined variable $cliente
in APPPATH\Views\venta\crearVenta.php on line 21.
 1 APPPATH\Views\venta\crearVenta.php(21): CodeIgniter\Debug\Exceptions->errorHandler(2, 'Undefined variable $cliente', 'C:\\xampp\\htdocs\\code4\\app\\Views\\venta\\crearVenta.php', 21)
 2 SYSTEMPATH\View\View.php(226): include('C:\\xampp\\htdocs\\code4\\app\\Views\\venta\\crearVenta.php')
 3 SYSTEMPATH\View\View.php(229): CodeIgniter\View\View->CodeIgniter\View\{closure}()
 4 SYSTEMPATH\Common.php(1188): CodeIgniter\View\View->render('venta/crearVenta', [], true)
 5 APPPATH\Controllers\Ventas.php(40): view('venta/crearVenta', [...])
 6 SYSTEMPATH\CodeIgniter.php(919): App\Controllers\Ventas->crear()
 7 SYSTEMPATH\CodeIgniter.php(494): CodeIgniter\CodeIgniter->runController(Object(App\Controllers\Ventas))
 8 SYSTEMPATH\CodeIgniter.php(353): CodeIgniter\CodeIgniter->handleRequest(null, Object(Config\Cache), false)
 9 FCPATH\index.php(79): CodeIgniter\CodeIgniter->run()
CRITICAL - 2024-11-20 19:47:54 --> Undefined variable $cliente
in APPPATH\Views\venta\crearVenta.php on line 21.
 1 APPPATH\Views\venta\crearVenta.php(21): CodeIgniter\Debug\Exceptions->errorHandler(2, 'Undefined variable $cliente', 'C:\\xampp\\htdocs\\code4\\app\\Views\\venta\\crearVenta.php', 21)
 2 SYSTEMPATH\View\View.php(226): include('C:\\xampp\\htdocs\\code4\\app\\Views\\venta\\crearVenta.php')
 3 SYSTEMPATH\View\View.php(229): CodeIgniter\View\View->CodeIgniter\View\{closure}()
 4 SYSTEMPATH\Common.php(1188): CodeIgniter\View\View->render('venta/crearVenta', [], true)
 5 APPPATH\Controllers\Ventas.php(40): view('venta/crearVenta', [...])
 6 SYSTEMPATH\CodeIgniter.php(919): App\Controllers\Ventas->crear()
 7 SYSTEMPATH\CodeIgniter.php(494): CodeIgniter\CodeIgniter->runController(Object(App\Controllers\Ventas))
 8 SYSTEMPATH\CodeIgniter.php(353): CodeIgniter\CodeIgniter->handleRequest(null, Object(Config\Cache), false)
 9 FCPATH\index.php(79): CodeIgniter\CodeIgniter->run()
CRITICAL - 2024-11-20 19:47:54 --> Undefined variable $cliente
in APPPATH\Views\venta\crearVenta.php on line 21.
 1 APPPATH\Views\venta\crearVenta.php(21): CodeIgniter\Debug\Exceptions->errorHandler(2, 'Undefined variable $cliente', 'C:\\xampp\\htdocs\\code4\\app\\Views\\venta\\crearVenta.php', 21)
 2 SYSTEMPATH\View\View.php(226): include('C:\\xampp\\htdocs\\code4\\app\\Views\\venta\\crearVenta.php')
 3 SYSTEMPATH\View\View.php(229): CodeIgniter\View\View->CodeIgniter\View\{closure}()
 4 SYSTEMPATH\Common.php(1188): CodeIgniter\View\View->render('venta/crearVenta', [], true)
 5 APPPATH\Controllers\Ventas.php(40): view('venta/crearVenta', [...])
 6 SYSTEMPATH\CodeIgniter.php(919): App\Controllers\Ventas->crear()
 7 SYSTEMPATH\CodeIgniter.php(494): CodeIgniter\CodeIgniter->runController(Object(App\Controllers\Ventas))
 8 SYSTEMPATH\CodeIgniter.php(353): CodeIgniter\CodeIgniter->handleRequest(null, Object(Config\Cache), false)
 9 FCPATH\index.php(79): CodeIgniter\CodeIgniter->run()
CRITICAL - 2024-11-20 19:47:55 --> Undefined variable $cliente
in APPPATH\Views\venta\crearVenta.php on line 21.
 1 APPPATH\Views\venta\crearVenta.php(21): CodeIgniter\Debug\Exceptions->errorHandler(2, 'Undefined variable $cliente', 'C:\\xampp\\htdocs\\code4\\app\\Views\\venta\\crearVenta.php', 21)
 2 SYSTEMPATH\View\View.php(226): include('C:\\xampp\\htdocs\\code4\\app\\Views\\venta\\crearVenta.php')
 3 SYSTEMPATH\View\View.php(229): CodeIgniter\View\View->CodeIgniter\View\{closure}()
 4 SYSTEMPATH\Common.php(1188): CodeIgniter\View\View->render('venta/crearVenta', [], true)
 5 APPPATH\Controllers\Ventas.php(40): view('venta/crearVenta', [...])
 6 SYSTEMPATH\CodeIgniter.php(919): App\Controllers\Ventas->crear()
 7 SYSTEMPATH\CodeIgniter.php(494): CodeIgniter\CodeIgniter->runController(Object(App\Controllers\Ventas))
 8 SYSTEMPATH\CodeIgniter.php(353): CodeIgniter\CodeIgniter->handleRequest(null, Object(Config\Cache), false)
 9 FCPATH\index.php(79): CodeIgniter\CodeIgniter->run()
CRITICAL - 2024-11-20 19:47:55 --> Undefined variable $cliente
in APPPATH\Views\venta\crearVenta.php on line 21.
 1 APPPATH\Views\venta\crearVenta.php(21): CodeIgniter\Debug\Exceptions->errorHandler(2, 'Undefined variable $cliente', 'C:\\xampp\\htdocs\\code4\\app\\Views\\venta\\crearVenta.php', 21)
 2 SYSTEMPATH\View\View.php(226): include('C:\\xampp\\htdocs\\code4\\app\\Views\\venta\\crearVenta.php')
 3 SYSTEMPATH\View\View.php(229): CodeIgniter\View\View->CodeIgniter\View\{closure}()
 4 SYSTEMPATH\Common.php(1188): CodeIgniter\View\View->render('venta/crearVenta', [], true)
 5 APPPATH\Controllers\Ventas.php(40): view('venta/crearVenta', [...])
 6 SYSTEMPATH\CodeIgniter.php(919): App\Controllers\Ventas->crear()
 7 SYSTEMPATH\CodeIgniter.php(494): CodeIgniter\CodeIgniter->runController(Object(App\Controllers\Ventas))
 8 SYSTEMPATH\CodeIgniter.php(353): CodeIgniter\CodeIgniter->handleRequest(null, Object(Config\Cache), false)
 9 FCPATH\index.php(79): CodeIgniter\CodeIgniter->run()
CRITICAL - 2024-11-20 19:47:55 --> Undefined variable $cliente
in APPPATH\Views\venta\crearVenta.php on line 21.
 1 APPPATH\Views\venta\crearVenta.php(21): CodeIgniter\Debug\Exceptions->errorHandler(2, 'Undefined variable $cliente', 'C:\\xampp\\htdocs\\code4\\app\\Views\\venta\\crearVenta.php', 21)
 2 SYSTEMPATH\View\View.php(226): include('C:\\xampp\\htdocs\\code4\\app\\Views\\venta\\crearVenta.php')
 3 SYSTEMPATH\View\View.php(229): CodeIgniter\View\View->CodeIgniter\View\{closure}()
 4 SYSTEMPATH\Common.php(1188): CodeIgniter\View\View->render('venta/crearVenta', [], true)
 5 APPPATH\Controllers\Ventas.php(40): view('venta/crearVenta', [...])
 6 SYSTEMPATH\CodeIgniter.php(919): App\Controllers\Ventas->crear()
 7 SYSTEMPATH\CodeIgniter.php(494): CodeIgniter\CodeIgniter->runController(Object(App\Controllers\Ventas))
 8 SYSTEMPATH\CodeIgniter.php(353): CodeIgniter\CodeIgniter->handleRequest(null, Object(Config\Cache), false)
 9 FCPATH\index.php(79): CodeIgniter\CodeIgniter->run()
CRITICAL - 2024-11-20 19:47:55 --> Undefined variable $cliente
in APPPATH\Views\venta\crearVenta.php on line 21.
 1 APPPATH\Views\venta\crearVenta.php(21): CodeIgniter\Debug\Exceptions->errorHandler(2, 'Undefined variable $cliente', 'C:\\xampp\\htdocs\\code4\\app\\Views\\venta\\crearVenta.php', 21)
 2 SYSTEMPATH\View\View.php(226): include('C:\\xampp\\htdocs\\code4\\app\\Views\\venta\\crearVenta.php')
 3 SYSTEMPATH\View\View.php(229): CodeIgniter\View\View->CodeIgniter\View\{closure}()
 4 SYSTEMPATH\Common.php(1188): CodeIgniter\View\View->render('venta/crearVenta', [], true)
 5 APPPATH\Controllers\Ventas.php(40): view('venta/crearVenta', [...])
 6 SYSTEMPATH\CodeIgniter.php(919): App\Controllers\Ventas->crear()
 7 SYSTEMPATH\CodeIgniter.php(494): CodeIgniter\CodeIgniter->runController(Object(App\Controllers\Ventas))
 8 SYSTEMPATH\CodeIgniter.php(353): CodeIgniter\CodeIgniter->handleRequest(null, Object(Config\Cache), false)
 9 FCPATH\index.php(79): CodeIgniter\CodeIgniter->run()
CRITICAL - 2024-11-20 19:47:56 --> Undefined variable $cliente
in APPPATH\Views\venta\crearVenta.php on line 21.
 1 APPPATH\Views\venta\crearVenta.php(21): CodeIgniter\Debug\Exceptions->errorHandler(2, 'Undefined variable $cliente', 'C:\\xampp\\htdocs\\code4\\app\\Views\\venta\\crearVenta.php', 21)
 2 SYSTEMPATH\View\View.php(226): include('C:\\xampp\\htdocs\\code4\\app\\Views\\venta\\crearVenta.php')
 3 SYSTEMPATH\View\View.php(229): CodeIgniter\View\View->CodeIgniter\View\{closure}()
 4 SYSTEMPATH\Common.php(1188): CodeIgniter\View\View->render('venta/crearVenta', [], true)
 5 APPPATH\Controllers\Ventas.php(40): view('venta/crearVenta', [...])
 6 SYSTEMPATH\CodeIgniter.php(919): App\Controllers\Ventas->crear()
 7 SYSTEMPATH\CodeIgniter.php(494): CodeIgniter\CodeIgniter->runController(Object(App\Controllers\Ventas))
 8 SYSTEMPATH\CodeIgniter.php(353): CodeIgniter\CodeIgniter->handleRequest(null, Object(Config\Cache), false)
 9 FCPATH\index.php(79): CodeIgniter\CodeIgniter->run()
CRITICAL - 2024-11-20 19:47:56 --> Undefined variable $cliente
in APPPATH\Views\venta\crearVenta.php on line 21.
 1 APPPATH\Views\venta\crearVenta.php(21): CodeIgniter\Debug\Exceptions->errorHandler(2, 'Undefined variable $cliente', 'C:\\xampp\\htdocs\\code4\\app\\Views\\venta\\crearVenta.php', 21)
 2 SYSTEMPATH\View\View.php(226): include('C:\\xampp\\htdocs\\code4\\app\\Views\\venta\\crearVenta.php')
 3 SYSTEMPATH\View\View.php(229): CodeIgniter\View\View->CodeIgniter\View\{closure}()
 4 SYSTEMPATH\Common.php(1188): CodeIgniter\View\View->render('venta/crearVenta', [], true)
 5 APPPATH\Controllers\Ventas.php(40): view('venta/crearVenta', [...])
 6 SYSTEMPATH\CodeIgniter.php(919): App\Controllers\Ventas->crear()
 7 SYSTEMPATH\CodeIgniter.php(494): CodeIgniter\CodeIgniter->runController(Object(App\Controllers\Ventas))
 8 SYSTEMPATH\CodeIgniter.php(353): CodeIgniter\CodeIgniter->handleRequest(null, Object(Config\Cache), false)
 9 FCPATH\index.php(79): CodeIgniter\CodeIgniter->run()
CRITICAL - 2024-11-20 19:47:56 --> Undefined variable $cliente
in APPPATH\Views\venta\crearVenta.php on line 21.
 1 APPPATH\Views\venta\crearVenta.php(21): CodeIgniter\Debug\Exceptions->errorHandler(2, 'Undefined variable $cliente', 'C:\\xampp\\htdocs\\code4\\app\\Views\\venta\\crearVenta.php', 21)
 2 SYSTEMPATH\View\View.php(226): include('C:\\xampp\\htdocs\\code4\\app\\Views\\venta\\crearVenta.php')
 3 SYSTEMPATH\View\View.php(229): CodeIgniter\View\View->CodeIgniter\View\{closure}()
 4 SYSTEMPATH\Common.php(1188): CodeIgniter\View\View->render('venta/crearVenta', [], true)
 5 APPPATH\Controllers\Ventas.php(40): view('venta/crearVenta', [...])
 6 SYSTEMPATH\CodeIgniter.php(919): App\Controllers\Ventas->crear()
 7 SYSTEMPATH\CodeIgniter.php(494): CodeIgniter\CodeIgniter->runController(Object(App\Controllers\Ventas))
 8 SYSTEMPATH\CodeIgniter.php(353): CodeIgniter\CodeIgniter->handleRequest(null, Object(Config\Cache), false)
 9 FCPATH\index.php(79): CodeIgniter\CodeIgniter->run()
CRITICAL - 2024-11-20 19:52:04 --> Undefined variable $cliente
in APPPATH\Views\venta\crearVenta.php on line 21.
 1 APPPATH\Views\venta\crearVenta.php(21): CodeIgniter\Debug\Exceptions->errorHandler(2, 'Undefined variable $cliente', 'C:\\xampp\\htdocs\\code4\\app\\Views\\venta\\crearVenta.php', 21)
 2 SYSTEMPATH\View\View.php(226): include('C:\\xampp\\htdocs\\code4\\app\\Views\\venta\\crearVenta.php')
 3 SYSTEMPATH\View\View.php(229): CodeIgniter\View\View->CodeIgniter\View\{closure}()
 4 SYSTEMPATH\Common.php(1188): CodeIgniter\View\View->render('venta/crearVenta', [], true)
 5 APPPATH\Controllers\Ventas.php(40): view('venta/crearVenta', [...])
 6 SYSTEMPATH\CodeIgniter.php(919): App\Controllers\Ventas->crear()
 7 SYSTEMPATH\CodeIgniter.php(494): CodeIgniter\CodeIgniter->runController(Object(App\Controllers\Ventas))
 8 SYSTEMPATH\CodeIgniter.php(353): CodeIgniter\CodeIgniter->handleRequest(null, Object(Config\Cache), false)
 9 FCPATH\index.php(79): CodeIgniter\CodeIgniter->run()
CRITICAL - 2024-11-20 19:52:04 --> Undefined variable $cliente
in APPPATH\Views\venta\crearVenta.php on line 21.
 1 APPPATH\Views\venta\crearVenta.php(21): CodeIgniter\Debug\Exceptions->errorHandler(2, 'Undefined variable $cliente', 'C:\\xampp\\htdocs\\code4\\app\\Views\\venta\\crearVenta.php', 21)
 2 SYSTEMPATH\View\View.php(226): include('C:\\xampp\\htdocs\\code4\\app\\Views\\venta\\crearVenta.php')
 3 SYSTEMPATH\View\View.php(229): CodeIgniter\View\View->CodeIgniter\View\{closure}()
 4 SYSTEMPATH\Common.php(1188): CodeIgniter\View\View->render('venta/crearVenta', [], true)
 5 APPPATH\Controllers\Ventas.php(40): view('venta/crearVenta', [...])
 6 SYSTEMPATH\CodeIgniter.php(919): App\Controllers\Ventas->crear()
 7 SYSTEMPATH\CodeIgniter.php(494): CodeIgniter\CodeIgniter->runController(Object(App\Controllers\Ventas))
 8 SYSTEMPATH\CodeIgniter.php(353): CodeIgniter\CodeIgniter->handleRequest(null, Object(Config\Cache), false)
 9 FCPATH\index.php(79): CodeIgniter\CodeIgniter->run()
CRITICAL - 2024-11-20 19:52:05 --> Undefined variable $cliente
in APPPATH\Views\venta\crearVenta.php on line 21.
 1 APPPATH\Views\venta\crearVenta.php(21): CodeIgniter\Debug\Exceptions->errorHandler(2, 'Undefined variable $cliente', 'C:\\xampp\\htdocs\\code4\\app\\Views\\venta\\crearVenta.php', 21)
 2 SYSTEMPATH\View\View.php(226): include('C:\\xampp\\htdocs\\code4\\app\\Views\\venta\\crearVenta.php')
 3 SYSTEMPATH\View\View.php(229): CodeIgniter\View\View->CodeIgniter\View\{closure}()
 4 SYSTEMPATH\Common.php(1188): CodeIgniter\View\View->render('venta/crearVenta', [], true)
 5 APPPATH\Controllers\Ventas.php(40): view('venta/crearVenta', [...])
 6 SYSTEMPATH\CodeIgniter.php(919): App\Controllers\Ventas->crear()
 7 SYSTEMPATH\CodeIgniter.php(494): CodeIgniter\CodeIgniter->runController(Object(App\Controllers\Ventas))
 8 SYSTEMPATH\CodeIgniter.php(353): CodeIgniter\CodeIgniter->handleRequest(null, Object(Config\Cache), false)
 9 FCPATH\index.php(79): CodeIgniter\CodeIgniter->run()
CRITICAL - 2024-11-20 19:52:07 --> Undefined variable $cliente
in APPPATH\Views\venta\crearVenta.php on line 21.
 1 APPPATH\Views\venta\crearVenta.php(21): CodeIgniter\Debug\Exceptions->errorHandler(2, 'Undefined variable $cliente', 'C:\\xampp\\htdocs\\code4\\app\\Views\\venta\\crearVenta.php', 21)
 2 SYSTEMPATH\View\View.php(226): include('C:\\xampp\\htdocs\\code4\\app\\Views\\venta\\crearVenta.php')
 3 SYSTEMPATH\View\View.php(229): CodeIgniter\View\View->CodeIgniter\View\{closure}()
 4 SYSTEMPATH\Common.php(1188): CodeIgniter\View\View->render('venta/crearVenta', [], true)
 5 APPPATH\Controllers\Ventas.php(40): view('venta/crearVenta', [...])
 6 SYSTEMPATH\CodeIgniter.php(919): App\Controllers\Ventas->crear()
 7 SYSTEMPATH\CodeIgniter.php(494): CodeIgniter\CodeIgniter->runController(Object(App\Controllers\Ventas))
 8 SYSTEMPATH\CodeIgniter.php(353): CodeIgniter\CodeIgniter->handleRequest(null, Object(Config\Cache), false)
 9 FCPATH\index.php(79): CodeIgniter\CodeIgniter->run()
CRITICAL - 2024-11-20 19:52:47 --> Undefined variable $cliente
in APPPATH\Views\venta\crearVenta.php on line 21.
 1 APPPATH\Views\venta\crearVenta.php(21): CodeIgniter\Debug\Exceptions->errorHandler(2, 'Undefined variable $cliente', 'C:\\xampp\\htdocs\\code4\\app\\Views\\venta\\crearVenta.php', 21)
 2 SYSTEMPATH\View\View.php(226): include('C:\\xampp\\htdocs\\code4\\app\\Views\\venta\\crearVenta.php')
 3 SYSTEMPATH\View\View.php(229): CodeIgniter\View\View->CodeIgniter\View\{closure}()
 4 SYSTEMPATH\Common.php(1188): CodeIgniter\View\View->render('venta/crearVenta', [], true)
 5 APPPATH\Controllers\Ventas.php(40): view('venta/crearVenta', [...])
 6 SYSTEMPATH\CodeIgniter.php(919): App\Controllers\Ventas->crear()
 7 SYSTEMPATH\CodeIgniter.php(494): CodeIgniter\CodeIgniter->runController(Object(App\Controllers\Ventas))
 8 SYSTEMPATH\CodeIgniter.php(353): CodeIgniter\CodeIgniter->handleRequest(null, Object(Config\Cache), false)
 9 FCPATH\index.php(79): CodeIgniter\CodeIgniter->run()
CRITICAL - 2024-11-20 19:52:48 --> Undefined variable $cliente
in APPPATH\Views\venta\crearVenta.php on line 21.
 1 APPPATH\Views\venta\crearVenta.php(21): CodeIgniter\Debug\Exceptions->errorHandler(2, 'Undefined variable $cliente', 'C:\\xampp\\htdocs\\code4\\app\\Views\\venta\\crearVenta.php', 21)
 2 SYSTEMPATH\View\View.php(226): include('C:\\xampp\\htdocs\\code4\\app\\Views\\venta\\crearVenta.php')
 3 SYSTEMPATH\View\View.php(229): CodeIgniter\View\View->CodeIgniter\View\{closure}()
 4 SYSTEMPATH\Common.php(1188): CodeIgniter\View\View->render('venta/crearVenta', [], true)
 5 APPPATH\Controllers\Ventas.php(40): view('venta/crearVenta', [...])
 6 SYSTEMPATH\CodeIgniter.php(919): App\Controllers\Ventas->crear()
 7 SYSTEMPATH\CodeIgniter.php(494): CodeIgniter\CodeIgniter->runController(Object(App\Controllers\Ventas))
 8 SYSTEMPATH\CodeIgniter.php(353): CodeIgniter\CodeIgniter->handleRequest(null, Object(Config\Cache), false)
 9 FCPATH\index.php(79): CodeIgniter\CodeIgniter->run()
CRITICAL - 2024-11-20 19:54:41 --> Undefined variable $cliente
in APPPATH\Views\venta\crearVenta.php on line 21.
 1 APPPATH\Views\venta\crearVenta.php(21): CodeIgniter\Debug\Exceptions->errorHandler(2, 'Undefined variable $cliente', 'C:\\xampp\\htdocs\\code4\\app\\Views\\venta\\crearVenta.php', 21)
 2 SYSTEMPATH\View\View.php(226): include('C:\\xampp\\htdocs\\code4\\app\\Views\\venta\\crearVenta.php')
 3 SYSTEMPATH\View\View.php(229): CodeIgniter\View\View->CodeIgniter\View\{closure}()
 4 SYSTEMPATH\Common.php(1188): CodeIgniter\View\View->render('venta/crearVenta', [], true)
 5 APPPATH\Controllers\Ventas.php(40): view('venta/crearVenta', [...])
 6 SYSTEMPATH\CodeIgniter.php(919): App\Controllers\Ventas->crear()
 7 SYSTEMPATH\CodeIgniter.php(494): CodeIgniter\CodeIgniter->runController(Object(App\Controllers\Ventas))
 8 SYSTEMPATH\CodeIgniter.php(353): CodeIgniter\CodeIgniter->handleRequest(null, Object(Config\Cache), false)
 9 FCPATH\index.php(79): CodeIgniter\CodeIgniter->run()
CRITICAL - 2024-11-20 19:54:42 --> Undefined variable $cliente
in APPPATH\Views\venta\crearVenta.php on line 21.
 1 APPPATH\Views\venta\crearVenta.php(21): CodeIgniter\Debug\Exceptions->errorHandler(2, 'Undefined variable $cliente', 'C:\\xampp\\htdocs\\code4\\app\\Views\\venta\\crearVenta.php', 21)
 2 SYSTEMPATH\View\View.php(226): include('C:\\xampp\\htdocs\\code4\\app\\Views\\venta\\crearVenta.php')
 3 SYSTEMPATH\View\View.php(229): CodeIgniter\View\View->CodeIgniter\View\{closure}()
 4 SYSTEMPATH\Common.php(1188): CodeIgniter\View\View->render('venta/crearVenta', [], true)
 5 APPPATH\Controllers\Ventas.php(40): view('venta/crearVenta', [...])
 6 SYSTEMPATH\CodeIgniter.php(919): App\Controllers\Ventas->crear()
 7 SYSTEMPATH\CodeIgniter.php(494): CodeIgniter\CodeIgniter->runController(Object(App\Controllers\Ventas))
 8 SYSTEMPATH\CodeIgniter.php(353): CodeIgniter\CodeIgniter->handleRequest(null, Object(Config\Cache), false)
 9 FCPATH\index.php(79): CodeIgniter\CodeIgniter->run()
CRITICAL - 2024-11-20 19:54:42 --> Undefined variable $cliente
in APPPATH\Views\venta\crearVenta.php on line 21.
 1 APPPATH\Views\venta\crearVenta.php(21): CodeIgniter\Debug\Exceptions->errorHandler(2, 'Undefined variable $cliente', 'C:\\xampp\\htdocs\\code4\\app\\Views\\venta\\crearVenta.php', 21)
 2 SYSTEMPATH\View\View.php(226): include('C:\\xampp\\htdocs\\code4\\app\\Views\\venta\\crearVenta.php')
 3 SYSTEMPATH\View\View.php(229): CodeIgniter\View\View->CodeIgniter\View\{closure}()
 4 SYSTEMPATH\Common.php(1188): CodeIgniter\View\View->render('venta/crearVenta', [], true)
 5 APPPATH\Controllers\Ventas.php(40): view('venta/crearVenta', [...])
 6 SYSTEMPATH\CodeIgniter.php(919): App\Controllers\Ventas->crear()
 7 SYSTEMPATH\CodeIgniter.php(494): CodeIgniter\CodeIgniter->runController(Object(App\Controllers\Ventas))
 8 SYSTEMPATH\CodeIgniter.php(353): CodeIgniter\CodeIgniter->handleRequest(null, Object(Config\Cache), false)
 9 FCPATH\index.php(79): CodeIgniter\CodeIgniter->run()
CRITICAL - 2024-11-20 19:54:42 --> Undefined variable $cliente
in APPPATH\Views\venta\crearVenta.php on line 21.
 1 APPPATH\Views\venta\crearVenta.php(21): CodeIgniter\Debug\Exceptions->errorHandler(2, 'Undefined variable $cliente', 'C:\\xampp\\htdocs\\code4\\app\\Views\\venta\\crearVenta.php', 21)
 2 SYSTEMPATH\View\View.php(226): include('C:\\xampp\\htdocs\\code4\\app\\Views\\venta\\crearVenta.php')
 3 SYSTEMPATH\View\View.php(229): CodeIgniter\View\View->CodeIgniter\View\{closure}()
 4 SYSTEMPATH\Common.php(1188): CodeIgniter\View\View->render('venta/crearVenta', [], true)
 5 APPPATH\Controllers\Ventas.php(40): view('venta/crearVenta', [...])
 6 SYSTEMPATH\CodeIgniter.php(919): App\Controllers\Ventas->crear()
 7 SYSTEMPATH\CodeIgniter.php(494): CodeIgniter\CodeIgniter->runController(Object(App\Controllers\Ventas))
 8 SYSTEMPATH\CodeIgniter.php(353): CodeIgniter\CodeIgniter->handleRequest(null, Object(Config\Cache), false)
 9 FCPATH\index.php(79): CodeIgniter\CodeIgniter->run()
CRITICAL - 2024-11-20 19:54:43 --> Undefined variable $cliente
in APPPATH\Views\venta\crearVenta.php on line 21.
 1 APPPATH\Views\venta\crearVenta.php(21): CodeIgniter\Debug\Exceptions->errorHandler(2, 'Undefined variable $cliente', 'C:\\xampp\\htdocs\\code4\\app\\Views\\venta\\crearVenta.php', 21)
 2 SYSTEMPATH\View\View.php(226): include('C:\\xampp\\htdocs\\code4\\app\\Views\\venta\\crearVenta.php')
 3 SYSTEMPATH\View\View.php(229): CodeIgniter\View\View->CodeIgniter\View\{closure}()
 4 SYSTEMPATH\Common.php(1188): CodeIgniter\View\View->render('venta/crearVenta', [], true)
 5 APPPATH\Controllers\Ventas.php(40): view('venta/crearVenta', [...])
 6 SYSTEMPATH\CodeIgniter.php(919): App\Controllers\Ventas->crear()
 7 SYSTEMPATH\CodeIgniter.php(494): CodeIgniter\CodeIgniter->runController(Object(App\Controllers\Ventas))
 8 SYSTEMPATH\CodeIgniter.php(353): CodeIgniter\CodeIgniter->handleRequest(null, Object(Config\Cache), false)
 9 FCPATH\index.php(79): CodeIgniter\CodeIgniter->run()
CRITICAL - 2024-11-20 19:54:43 --> Undefined variable $cliente
in APPPATH\Views\venta\crearVenta.php on line 21.
 1 APPPATH\Views\venta\crearVenta.php(21): CodeIgniter\Debug\Exceptions->errorHandler(2, 'Undefined variable $cliente', 'C:\\xampp\\htdocs\\code4\\app\\Views\\venta\\crearVenta.php', 21)
 2 SYSTEMPATH\View\View.php(226): include('C:\\xampp\\htdocs\\code4\\app\\Views\\venta\\crearVenta.php')
 3 SYSTEMPATH\View\View.php(229): CodeIgniter\View\View->CodeIgniter\View\{closure}()
 4 SYSTEMPATH\Common.php(1188): CodeIgniter\View\View->render('venta/crearVenta', [], true)
 5 APPPATH\Controllers\Ventas.php(40): view('venta/crearVenta', [...])
 6 SYSTEMPATH\CodeIgniter.php(919): App\Controllers\Ventas->crear()
 7 SYSTEMPATH\CodeIgniter.php(494): CodeIgniter\CodeIgniter->runController(Object(App\Controllers\Ventas))
 8 SYSTEMPATH\CodeIgniter.php(353): CodeIgniter\CodeIgniter->handleRequest(null, Object(Config\Cache), false)
 9 FCPATH\index.php(79): CodeIgniter\CodeIgniter->run()
CRITICAL - 2024-11-20 19:54:43 --> Undefined variable $cliente
in APPPATH\Views\venta\crearVenta.php on line 21.
 1 APPPATH\Views\venta\crearVenta.php(21): CodeIgniter\Debug\Exceptions->errorHandler(2, 'Undefined variable $cliente', 'C:\\xampp\\htdocs\\code4\\app\\Views\\venta\\crearVenta.php', 21)
 2 SYSTEMPATH\View\View.php(226): include('C:\\xampp\\htdocs\\code4\\app\\Views\\venta\\crearVenta.php')
 3 SYSTEMPATH\View\View.php(229): CodeIgniter\View\View->CodeIgniter\View\{closure}()
 4 SYSTEMPATH\Common.php(1188): CodeIgniter\View\View->render('venta/crearVenta', [], true)
 5 APPPATH\Controllers\Ventas.php(40): view('venta/crearVenta', [...])
 6 SYSTEMPATH\CodeIgniter.php(919): App\Controllers\Ventas->crear()
 7 SYSTEMPATH\CodeIgniter.php(494): CodeIgniter\CodeIgniter->runController(Object(App\Controllers\Ventas))
 8 SYSTEMPATH\CodeIgniter.php(353): CodeIgniter\CodeIgniter->handleRequest(null, Object(Config\Cache), false)
 9 FCPATH\index.php(79): CodeIgniter\CodeIgniter->run()
CRITICAL - 2024-11-20 19:54:44 --> Undefined variable $cliente
in APPPATH\Views\venta\crearVenta.php on line 21.
 1 APPPATH\Views\venta\crearVenta.php(21): CodeIgniter\Debug\Exceptions->errorHandler(2, 'Undefined variable $cliente', 'C:\\xampp\\htdocs\\code4\\app\\Views\\venta\\crearVenta.php', 21)
 2 SYSTEMPATH\View\View.php(226): include('C:\\xampp\\htdocs\\code4\\app\\Views\\venta\\crearVenta.php')
 3 SYSTEMPATH\View\View.php(229): CodeIgniter\View\View->CodeIgniter\View\{closure}()
 4 SYSTEMPATH\Common.php(1188): CodeIgniter\View\View->render('venta/crearVenta', [], true)
 5 APPPATH\Controllers\Ventas.php(40): view('venta/crearVenta', [...])
 6 SYSTEMPATH\CodeIgniter.php(919): App\Controllers\Ventas->crear()
 7 SYSTEMPATH\CodeIgniter.php(494): CodeIgniter\CodeIgniter->runController(Object(App\Controllers\Ventas))
 8 SYSTEMPATH\CodeIgniter.php(353): CodeIgniter\CodeIgniter->handleRequest(null, Object(Config\Cache), false)
 9 FCPATH\index.php(79): CodeIgniter\CodeIgniter->run()
CRITICAL - 2024-11-20 19:54:44 --> Undefined variable $cliente
in APPPATH\Views\venta\crearVenta.php on line 21.
 1 APPPATH\Views\venta\crearVenta.php(21): CodeIgniter\Debug\Exceptions->errorHandler(2, 'Undefined variable $cliente', 'C:\\xampp\\htdocs\\code4\\app\\Views\\venta\\crearVenta.php', 21)
 2 SYSTEMPATH\View\View.php(226): include('C:\\xampp\\htdocs\\code4\\app\\Views\\venta\\crearVenta.php')
 3 SYSTEMPATH\View\View.php(229): CodeIgniter\View\View->CodeIgniter\View\{closure}()
 4 SYSTEMPATH\Common.php(1188): CodeIgniter\View\View->render('venta/crearVenta', [], true)
 5 APPPATH\Controllers\Ventas.php(40): view('venta/crearVenta', [...])
 6 SYSTEMPATH\CodeIgniter.php(919): App\Controllers\Ventas->crear()
 7 SYSTEMPATH\CodeIgniter.php(494): CodeIgniter\CodeIgniter->runController(Object(App\Controllers\Ventas))
 8 SYSTEMPATH\CodeIgniter.php(353): CodeIgniter\CodeIgniter->handleRequest(null, Object(Config\Cache), false)
 9 FCPATH\index.php(79): CodeIgniter\CodeIgniter->run()
CRITICAL - 2024-11-20 19:54:44 --> Undefined variable $cliente
in APPPATH\Views\venta\crearVenta.php on line 21.
 1 APPPATH\Views\venta\crearVenta.php(21): CodeIgniter\Debug\Exceptions->errorHandler(2, 'Undefined variable $cliente', 'C:\\xampp\\htdocs\\code4\\app\\Views\\venta\\crearVenta.php', 21)
 2 SYSTEMPATH\View\View.php(226): include('C:\\xampp\\htdocs\\code4\\app\\Views\\venta\\crearVenta.php')
 3 SYSTEMPATH\View\View.php(229): CodeIgniter\View\View->CodeIgniter\View\{closure}()
 4 SYSTEMPATH\Common.php(1188): CodeIgniter\View\View->render('venta/crearVenta', [], true)
 5 APPPATH\Controllers\Ventas.php(40): view('venta/crearVenta', [...])
 6 SYSTEMPATH\CodeIgniter.php(919): App\Controllers\Ventas->crear()
 7 SYSTEMPATH\CodeIgniter.php(494): CodeIgniter\CodeIgniter->runController(Object(App\Controllers\Ventas))
 8 SYSTEMPATH\CodeIgniter.php(353): CodeIgniter\CodeIgniter->handleRequest(null, Object(Config\Cache), false)
 9 FCPATH\index.php(79): CodeIgniter\CodeIgniter->run()
CRITICAL - 2024-11-20 19:54:58 --> Undefined variable $cliente
in APPPATH\Views\venta\crearVenta.php on line 21.
 1 APPPATH\Views\venta\crearVenta.php(21): CodeIgniter\Debug\Exceptions->errorHandler(2, 'Undefined variable $cliente', 'C:\\xampp\\htdocs\\code4\\app\\Views\\venta\\crearVenta.php', 21)
 2 SYSTEMPATH\View\View.php(226): include('C:\\xampp\\htdocs\\code4\\app\\Views\\venta\\crearVenta.php')
 3 SYSTEMPATH\View\View.php(229): CodeIgniter\View\View->CodeIgniter\View\{closure}()
 4 SYSTEMPATH\Common.php(1188): CodeIgniter\View\View->render('venta/crearVenta', [], true)
 5 APPPATH\Controllers\Ventas.php(40): view('venta/crearVenta', [...])
 6 SYSTEMPATH\CodeIgniter.php(919): App\Controllers\Ventas->crear()
 7 SYSTEMPATH\CodeIgniter.php(494): CodeIgniter\CodeIgniter->runController(Object(App\Controllers\Ventas))
 8 SYSTEMPATH\CodeIgniter.php(353): CodeIgniter\CodeIgniter->handleRequest(null, Object(Config\Cache), false)
 9 FCPATH\index.php(79): CodeIgniter\CodeIgniter->run()
CRITICAL - 2024-11-20 19:57:37 --> Undefined variable $cliente
in APPPATH\Views\venta\crearVenta.php on line 21.
 1 APPPATH\Views\venta\crearVenta.php(21): CodeIgniter\Debug\Exceptions->errorHandler(2, 'Undefined variable $cliente', 'C:\\xampp\\htdocs\\code4\\app\\Views\\venta\\crearVenta.php', 21)
 2 SYSTEMPATH\View\View.php(226): include('C:\\xampp\\htdocs\\code4\\app\\Views\\venta\\crearVenta.php')
 3 SYSTEMPATH\View\View.php(229): CodeIgniter\View\View->CodeIgniter\View\{closure}()
 4 SYSTEMPATH\Common.php(1188): CodeIgniter\View\View->render('venta/crearVenta', [], true)
 5 APPPATH\Controllers\Ventas.php(40): view('venta/crearVenta', [...])
 6 SYSTEMPATH\CodeIgniter.php(919): App\Controllers\Ventas->crear()
 7 SYSTEMPATH\CodeIgniter.php(494): CodeIgniter\CodeIgniter->runController(Object(App\Controllers\Ventas))
 8 SYSTEMPATH\CodeIgniter.php(353): CodeIgniter\CodeIgniter->handleRequest(null, Object(Config\Cache), false)
 9 FCPATH\index.php(79): CodeIgniter\CodeIgniter->run()
CRITICAL - 2024-11-20 19:57:41 --> Undefined variable $cliente
in APPPATH\Views\venta\crearVenta.php on line 21.
 1 APPPATH\Views\venta\crearVenta.php(21): CodeIgniter\Debug\Exceptions->errorHandler(2, 'Undefined variable $cliente', 'C:\\xampp\\htdocs\\code4\\app\\Views\\venta\\crearVenta.php', 21)
 2 SYSTEMPATH\View\View.php(226): include('C:\\xampp\\htdocs\\code4\\app\\Views\\venta\\crearVenta.php')
 3 SYSTEMPATH\View\View.php(229): CodeIgniter\View\View->CodeIgniter\View\{closure}()
 4 SYSTEMPATH\Common.php(1188): CodeIgniter\View\View->render('venta/crearVenta', [], true)
 5 APPPATH\Controllers\Ventas.php(40): view('venta/crearVenta', [...])
 6 SYSTEMPATH\CodeIgniter.php(919): App\Controllers\Ventas->crear()
 7 SYSTEMPATH\CodeIgniter.php(494): CodeIgniter\CodeIgniter->runController(Object(App\Controllers\Ventas))
 8 SYSTEMPATH\CodeIgniter.php(353): CodeIgniter\CodeIgniter->handleRequest(null, Object(Config\Cache), false)
 9 FCPATH\index.php(79): CodeIgniter\CodeIgniter->run()
CRITICAL - 2024-11-20 19:58:22 --> Undefined variable $cliente
in APPPATH\Views\venta\crearVenta.php on line 21.
 1 APPPATH\Views\venta\crearVenta.php(21): CodeIgniter\Debug\Exceptions->errorHandler(2, 'Undefined variable $cliente', 'C:\\xampp\\htdocs\\code4\\app\\Views\\venta\\crearVenta.php', 21)
 2 SYSTEMPATH\View\View.php(226): include('C:\\xampp\\htdocs\\code4\\app\\Views\\venta\\crearVenta.php')
 3 SYSTEMPATH\View\View.php(229): CodeIgniter\View\View->CodeIgniter\View\{closure}()
 4 SYSTEMPATH\Common.php(1188): CodeIgniter\View\View->render('venta/crearVenta', [], true)
 5 APPPATH\Controllers\Ventas.php(40): view('venta/crearVenta', [...])
 6 SYSTEMPATH\CodeIgniter.php(919): App\Controllers\Ventas->crear()
 7 SYSTEMPATH\CodeIgniter.php(494): CodeIgniter\CodeIgniter->runController(Object(App\Controllers\Ventas))
 8 SYSTEMPATH\CodeIgniter.php(353): CodeIgniter\CodeIgniter->handleRequest(null, Object(Config\Cache), false)
 9 FCPATH\index.php(79): CodeIgniter\CodeIgniter->run()
CRITICAL - 2024-11-20 19:58:22 --> Undefined variable $cliente
in APPPATH\Views\venta\crearVenta.php on line 21.
 1 APPPATH\Views\venta\crearVenta.php(21): CodeIgniter\Debug\Exceptions->errorHandler(2, 'Undefined variable $cliente', 'C:\\xampp\\htdocs\\code4\\app\\Views\\venta\\crearVenta.php', 21)
 2 SYSTEMPATH\View\View.php(226): include('C:\\xampp\\htdocs\\code4\\app\\Views\\venta\\crearVenta.php')
 3 SYSTEMPATH\View\View.php(229): CodeIgniter\View\View->CodeIgniter\View\{closure}()
 4 SYSTEMPATH\Common.php(1188): CodeIgniter\View\View->render('venta/crearVenta', [], true)
 5 APPPATH\Controllers\Ventas.php(40): view('venta/crearVenta', [...])
 6 SYSTEMPATH\CodeIgniter.php(919): App\Controllers\Ventas->crear()
 7 SYSTEMPATH\CodeIgniter.php(494): CodeIgniter\CodeIgniter->runController(Object(App\Controllers\Ventas))
 8 SYSTEMPATH\CodeIgniter.php(353): CodeIgniter\CodeIgniter->handleRequest(null, Object(Config\Cache), false)
 9 FCPATH\index.php(79): CodeIgniter\CodeIgniter->run()
CRITICAL - 2024-11-20 19:58:25 --> Undefined variable $cliente
in APPPATH\Views\venta\crearVenta.php on line 21.
 1 APPPATH\Views\venta\crearVenta.php(21): CodeIgniter\Debug\Exceptions->errorHandler(2, 'Undefined variable $cliente', 'C:\\xampp\\htdocs\\code4\\app\\Views\\venta\\crearVenta.php', 21)
 2 SYSTEMPATH\View\View.php(226): include('C:\\xampp\\htdocs\\code4\\app\\Views\\venta\\crearVenta.php')
 3 SYSTEMPATH\View\View.php(229): CodeIgniter\View\View->CodeIgniter\View\{closure}()
 4 SYSTEMPATH\Common.php(1188): CodeIgniter\View\View->render('venta/crearVenta', [], true)
 5 APPPATH\Controllers\Ventas.php(40): view('venta/crearVenta', [...])
 6 SYSTEMPATH\CodeIgniter.php(919): App\Controllers\Ventas->crear()
 7 SYSTEMPATH\CodeIgniter.php(494): CodeIgniter\CodeIgniter->runController(Object(App\Controllers\Ventas))
 8 SYSTEMPATH\CodeIgniter.php(353): CodeIgniter\CodeIgniter->handleRequest(null, Object(Config\Cache), false)
 9 FCPATH\index.php(79): CodeIgniter\CodeIgniter->run()
ERROR - 2024-11-20 20:07:03 --> mysqli_sql_exception: PROCEDURE bddproyecto.obtenerDeudores does not exist in C:\xampp\htdocs\code4\system\Database\MySQLi\Connection.php:306
Stack trace:
#0 C:\xampp\htdocs\code4\system\Database\MySQLi\Connection.php(306): mysqli->query('CALL obtenerDeu...', 0)
#1 C:\xampp\htdocs\code4\system\Database\BaseConnection.php(692): CodeIgniter\Database\MySQLi\Connection->execute('CALL obtenerDeu...')
#2 C:\xampp\htdocs\code4\system\Database\BaseConnection.php(606): CodeIgniter\Database\BaseConnection->simpleQuery('CALL obtenerDeu...')
#3 C:\xampp\htdocs\code4\app\Controllers\ReportesController.php(97): CodeIgniter\Database\BaseConnection->query('CALL obtenerDeu...')
#4 C:\xampp\htdocs\code4\system\CodeIgniter.php(919): App\Controllers\ReportesController->exportarPDFDeudores()
#5 C:\xampp\htdocs\code4\system\CodeIgniter.php(494): CodeIgniter\CodeIgniter->runController(Object(App\Controllers\ReportesController))
#6 C:\xampp\htdocs\code4\system\CodeIgniter.php(353): CodeIgniter\CodeIgniter->handleRequest(NULL, Object(Config\Cache), false)
#7 C:\xampp\htdocs\code4\public\index.php(79): CodeIgniter\CodeIgniter->run()
#8 {main}
CRITICAL - 2024-11-20 20:07:03 --> PROCEDURE bddproyecto.obtenerDeudores does not exist
in SYSTEMPATH\Database\BaseConnection.php on line 646.
 1 APPPATH\Controllers\ReportesController.php(97): CodeIgniter\Database\BaseConnection->query('CALL obtenerDeudores()')
 2 SYSTEMPATH\CodeIgniter.php(919): App\Controllers\ReportesController->exportarPDFDeudores()
 3 SYSTEMPATH\CodeIgniter.php(494): CodeIgniter\CodeIgniter->runController(Object(App\Controllers\ReportesController))
 4 SYSTEMPATH\CodeIgniter.php(353): CodeIgniter\CodeIgniter->handleRequest(null, Object(Config\Cache), false)
 5 FCPATH\index.php(79): CodeIgniter\CodeIgniter->run()
ERROR - 2024-11-20 20:07:08 --> mysqli_sql_exception: Unknown column 'venta.adelanto' in 'field list' in C:\xampp\htdocs\code4\system\Database\MySQLi\Connection.php:306
Stack trace:
#0 C:\xampp\htdocs\code4\system\Database\MySQLi\Connection.php(306): mysqli->query('SELECT cliente....', 0)
#1 C:\xampp\htdocs\code4\system\Database\BaseConnection.php(692): CodeIgniter\Database\MySQLi\Connection->execute('SELECT cliente....')
#2 C:\xampp\htdocs\code4\system\Database\BaseConnection.php(606): CodeIgniter\Database\BaseConnection->simpleQuery('SELECT cliente....')
#3 C:\xampp\htdocs\code4\app\Controllers\ReportesController.php(151): CodeIgniter\Database\BaseConnection->query('SELECT cliente....')
#4 C:\xampp\htdocs\code4\app\Controllers\ReportesController.php(211): App\Controllers\ReportesController->generarHtmlDeudaPorCliente()
#5 C:\xampp\htdocs\code4\system\CodeIgniter.php(919): App\Controllers\ReportesController->exportarPDFDeudaPorCliente()
#6 C:\xampp\htdocs\code4\system\CodeIgniter.php(494): CodeIgniter\CodeIgniter->runController(Object(App\Controllers\ReportesController))
#7 C:\xampp\htdocs\code4\system\CodeIgniter.php(353): CodeIgniter\CodeIgniter->handleRequest(NULL, Object(Config\Cache), false)
#8 C:\xampp\htdocs\code4\public\index.php(79): CodeIgniter\CodeIgniter->run()
#9 {main}
CRITICAL - 2024-11-20 20:07:08 --> Unknown column 'venta.adelanto' in 'field list'
in SYSTEMPATH\Database\BaseConnection.php on line 646.
 1 APPPATH\Controllers\ReportesController.php(151): CodeIgniter\Database\BaseConnection->query('SELECT cliente.id AS cliente_id, cliente.nombre, cliente.apellido, 
                                    confeccion.descripcion AS confeccion, 
                                    confeccion.precio AS precioConfeccion, 
                                    venta.adelanto, 
                                    (confeccion.precio - venta.adelanto) AS deuda
                             FROM venta
                             JOIN cliente ON venta.idCliente = cliente.id
                             JOIN confeccion ON venta.idConfeccion = confeccion.id
                             WHERE venta.estado = 0 AND (confeccion.precio - venta.adelanto) > 0
                             ORDER BY cliente.id')
 2 APPPATH\Controllers\ReportesController.php(211): App\Controllers\ReportesController->generarHtmlDeudaPorCliente()
 3 SYSTEMPATH\CodeIgniter.php(919): App\Controllers\ReportesController->exportarPDFDeudaPorCliente()
 4 SYSTEMPATH\CodeIgniter.php(494): CodeIgniter\CodeIgniter->runController(Object(App\Controllers\ReportesController))
 5 SYSTEMPATH\CodeIgniter.php(353): CodeIgniter\CodeIgniter->handleRequest(null, Object(Config\Cache), false)
 6 FCPATH\index.php(79): CodeIgniter\CodeIgniter->run()
ERROR - 2024-11-20 20:28:46 --> mysqli_sql_exception: Table 'bddproyecto.clientes' doesn't exist in C:\xampp\htdocs\code4\system\Database\MySQLi\Connection.php:306
Stack trace:
#0 C:\xampp\htdocs\code4\system\Database\MySQLi\Connection.php(306): mysqli->query('SELECT COUNT(*)...', 0)
#1 C:\xampp\htdocs\code4\system\Database\BaseConnection.php(692): CodeIgniter\Database\MySQLi\Connection->execute('SELECT COUNT(*)...')
#2 C:\xampp\htdocs\code4\system\Database\BaseConnection.php(606): CodeIgniter\Database\BaseConnection->simpleQuery('SELECT COUNT(*)...')
#3 C:\xampp\htdocs\code4\system\Database\BaseBuilder.php(1699): CodeIgniter\Database\BaseConnection->query('SELECT COUNT(*)...', Array, false)
#4 C:\xampp\htdocs\code4\system\Model.php(599): CodeIgniter\Database\BaseBuilder->countAllResults(false)
#5 C:\xampp\htdocs\code4\system\BaseModel.php(1203): CodeIgniter\Model->countAllResults(false)
#6 C:\xampp\htdocs\code4\app\Controllers\Ventas.php(165): CodeIgniter\BaseModel->paginate(10)
#7 C:\xampp\htdocs\code4\system\CodeIgniter.php(919): App\Controllers\Ventas->index()
#8 C:\xampp\htdocs\code4\system\CodeIgniter.php(494): CodeIgniter\CodeIgniter->runController(Object(App\Controllers\Ventas))
#9 C:\xampp\htdocs\code4\system\CodeIgniter.php(353): CodeIgniter\CodeIgniter->handleRequest(NULL, Object(Config\Cache), false)
#10 C:\xampp\htdocs\code4\public\index.php(79): CodeIgniter\CodeIgniter->run()
#11 {main}
CRITICAL - 2024-11-20 20:28:46 --> Table 'bddproyecto.clientes' doesn't exist
in SYSTEMPATH\Database\BaseConnection.php on line 646.
 1 SYSTEMPATH\Database\BaseBuilder.php(1699): CodeIgniter\Database\BaseConnection->query('SELECT COUNT(*) AS `numrows`
FROM `venta`
JOIN `clientes` ON `clientes`.`id` = `ventas`.`idCliente`
WHERE `ventas`.`estado` = :ventas.estado:', [...], false)
 2 SYSTEMPATH\Model.php(599): CodeIgniter\Database\BaseBuilder->countAllResults(false)
 3 SYSTEMPATH\BaseModel.php(1203): CodeIgniter\Model->countAllResults(false)
 4 APPPATH\Controllers\Ventas.php(165): CodeIgniter\BaseModel->paginate(10)
 5 SYSTEMPATH\CodeIgniter.php(919): App\Controllers\Ventas->index()
 6 SYSTEMPATH\CodeIgniter.php(494): CodeIgniter\CodeIgniter->runController(Object(App\Controllers\Ventas))
 7 SYSTEMPATH\CodeIgniter.php(353): CodeIgniter\CodeIgniter->handleRequest(null, Object(Config\Cache), false)
 8 FCPATH\index.php(79): CodeIgniter\CodeIgniter->run()
ERROR - 2024-11-20 20:29:07 --> mysqli_sql_exception: Table 'bddproyecto.clientes' doesn't exist in C:\xampp\htdocs\code4\system\Database\MySQLi\Connection.php:306
Stack trace:
#0 C:\xampp\htdocs\code4\system\Database\MySQLi\Connection.php(306): mysqli->query('SELECT COUNT(*)...', 0)
#1 C:\xampp\htdocs\code4\system\Database\BaseConnection.php(692): CodeIgniter\Database\MySQLi\Connection->execute('SELECT COUNT(*)...')
#2 C:\xampp\htdocs\code4\system\Database\BaseConnection.php(606): CodeIgniter\Database\BaseConnection->simpleQuery('SELECT COUNT(*)...')
#3 C:\xampp\htdocs\code4\system\Database\BaseBuilder.php(1699): CodeIgniter\Database\BaseConnection->query('SELECT COUNT(*)...', Array, false)
#4 C:\xampp\htdocs\code4\system\Model.php(599): CodeIgniter\Database\BaseBuilder->countAllResults(false)
#5 C:\xampp\htdocs\code4\system\BaseModel.php(1203): CodeIgniter\Model->countAllResults(false)
#6 C:\xampp\htdocs\code4\app\Controllers\Ventas.php(165): CodeIgniter\BaseModel->paginate(10)
#7 C:\xampp\htdocs\code4\system\CodeIgniter.php(919): App\Controllers\Ventas->index()
#8 C:\xampp\htdocs\code4\system\CodeIgniter.php(494): CodeIgniter\CodeIgniter->runController(Object(App\Controllers\Ventas))
#9 C:\xampp\htdocs\code4\system\CodeIgniter.php(353): CodeIgniter\CodeIgniter->handleRequest(NULL, Object(Config\Cache), false)
#10 C:\xampp\htdocs\code4\public\index.php(79): CodeIgniter\CodeIgniter->run()
#11 {main}
CRITICAL - 2024-11-20 20:29:07 --> Table 'bddproyecto.clientes' doesn't exist
in SYSTEMPATH\Database\BaseConnection.php on line 646.
 1 SYSTEMPATH\Database\BaseBuilder.php(1699): CodeIgniter\Database\BaseConnection->query('SELECT COUNT(*) AS `numrows`
FROM `venta`
JOIN `clientes` ON `clientes`.`id` = `ventas`.`idCliente`
WHERE `ventas`.`estado` = :ventas.estado:', [...], false)
 2 SYSTEMPATH\Model.php(599): CodeIgniter\Database\BaseBuilder->countAllResults(false)
 3 SYSTEMPATH\BaseModel.php(1203): CodeIgniter\Model->countAllResults(false)
 4 APPPATH\Controllers\Ventas.php(165): CodeIgniter\BaseModel->paginate(10)
 5 SYSTEMPATH\CodeIgniter.php(919): App\Controllers\Ventas->index()
 6 SYSTEMPATH\CodeIgniter.php(494): CodeIgniter\CodeIgniter->runController(Object(App\Controllers\Ventas))
 7 SYSTEMPATH\CodeIgniter.php(353): CodeIgniter\CodeIgniter->handleRequest(null, Object(Config\Cache), false)
 8 FCPATH\index.php(79): CodeIgniter\CodeIgniter->run()
ERROR - 2024-11-20 20:29:57 --> mysqli_sql_exception: Table 'bddproyecto.clientes' doesn't exist in C:\xampp\htdocs\code4\system\Database\MySQLi\Connection.php:306
Stack trace:
#0 C:\xampp\htdocs\code4\system\Database\MySQLi\Connection.php(306): mysqli->query('SELECT COUNT(*)...', 0)
#1 C:\xampp\htdocs\code4\system\Database\BaseConnection.php(692): CodeIgniter\Database\MySQLi\Connection->execute('SELECT COUNT(*)...')
#2 C:\xampp\htdocs\code4\system\Database\BaseConnection.php(606): CodeIgniter\Database\BaseConnection->simpleQuery('SELECT COUNT(*)...')
#3 C:\xampp\htdocs\code4\system\Database\BaseBuilder.php(1699): CodeIgniter\Database\BaseConnection->query('SELECT COUNT(*)...', Array, false)
#4 C:\xampp\htdocs\code4\system\Model.php(599): CodeIgniter\Database\BaseBuilder->countAllResults(false)
#5 C:\xampp\htdocs\code4\system\BaseModel.php(1203): CodeIgniter\Model->countAllResults(false)
#6 C:\xampp\htdocs\code4\app\Controllers\Ventas.php(166): CodeIgniter\BaseModel->paginate(10)
#7 C:\xampp\htdocs\code4\system\CodeIgniter.php(919): App\Controllers\Ventas->index()
#8 C:\xampp\htdocs\code4\system\CodeIgniter.php(494): CodeIgniter\CodeIgniter->runController(Object(App\Controllers\Ventas))
#9 C:\xampp\htdocs\code4\system\CodeIgniter.php(353): CodeIgniter\CodeIgniter->handleRequest(NULL, Object(Config\Cache), false)
#10 C:\xampp\htdocs\code4\public\index.php(79): CodeIgniter\CodeIgniter->run()
#11 {main}
CRITICAL - 2024-11-20 20:29:57 --> Table 'bddproyecto.clientes' doesn't exist
in SYSTEMPATH\Database\BaseConnection.php on line 646.
 1 SYSTEMPATH\Database\BaseBuilder.php(1699): CodeIgniter\Database\BaseConnection->query('SELECT COUNT(*) AS `numrows`
FROM `venta`
LEFT JOIN `clientes` ON `clientes`.`id` = `ventas`.`idCliente`
WHERE `ventas`.`estado` = :ventas.estado:', [...], false)
 2 SYSTEMPATH\Model.php(599): CodeIgniter\Database\BaseBuilder->countAllResults(false)
 3 SYSTEMPATH\BaseModel.php(1203): CodeIgniter\Model->countAllResults(false)
 4 APPPATH\Controllers\Ventas.php(166): CodeIgniter\BaseModel->paginate(10)
 5 SYSTEMPATH\CodeIgniter.php(919): App\Controllers\Ventas->index()
 6 SYSTEMPATH\CodeIgniter.php(494): CodeIgniter\CodeIgniter->runController(Object(App\Controllers\Ventas))
 7 SYSTEMPATH\CodeIgniter.php(353): CodeIgniter\CodeIgniter->handleRequest(null, Object(Config\Cache), false)
 8 FCPATH\index.php(79): CodeIgniter\CodeIgniter->run()
ERROR - 2024-11-20 20:31:09 --> mysqli_sql_exception: Table 'bddproyecto.clientes' doesn't exist in C:\xampp\htdocs\code4\system\Database\MySQLi\Connection.php:306
Stack trace:
#0 C:\xampp\htdocs\code4\system\Database\MySQLi\Connection.php(306): mysqli->query('SELECT COUNT(*)...', 0)
#1 C:\xampp\htdocs\code4\system\Database\BaseConnection.php(692): CodeIgniter\Database\MySQLi\Connection->execute('SELECT COUNT(*)...')
#2 C:\xampp\htdocs\code4\system\Database\BaseConnection.php(606): CodeIgniter\Database\BaseConnection->simpleQuery('SELECT COUNT(*)...')
#3 C:\xampp\htdocs\code4\system\Database\BaseBuilder.php(1699): CodeIgniter\Database\BaseConnection->query('SELECT COUNT(*)...', Array, false)
#4 C:\xampp\htdocs\code4\system\Model.php(599): CodeIgniter\Database\BaseBuilder->countAllResults(false)
#5 C:\xampp\htdocs\code4\system\BaseModel.php(1203): CodeIgniter\Model->countAllResults(false)
#6 C:\xampp\htdocs\code4\app\Controllers\Ventas.php(166): CodeIgniter\BaseModel->paginate(10)
#7 C:\xampp\htdocs\code4\system\CodeIgniter.php(919): App\Controllers\Ventas->index()
#8 C:\xampp\htdocs\code4\system\CodeIgniter.php(494): CodeIgniter\CodeIgniter->runController(Object(App\Controllers\Ventas))
#9 C:\xampp\htdocs\code4\system\CodeIgniter.php(353): CodeIgniter\CodeIgniter->handleRequest(NULL, Object(Config\Cache), false)
#10 C:\xampp\htdocs\code4\public\index.php(79): CodeIgniter\CodeIgniter->run()
#11 {main}
CRITICAL - 2024-11-20 20:31:09 --> Table 'bddproyecto.clientes' doesn't exist
in SYSTEMPATH\Database\BaseConnection.php on line 646.
 1 SYSTEMPATH\Database\BaseBuilder.php(1699): CodeIgniter\Database\BaseConnection->query('SELECT COUNT(*) AS `numrows`
FROM `venta`
LEFT JOIN `clientes` ON `clientes`.`id` = `ventas`.`idCliente`
WHERE `ventas`.`estado` = :ventas.estado:', [...], false)
 2 SYSTEMPATH\Model.php(599): CodeIgniter\Database\BaseBuilder->countAllResults(false)
 3 SYSTEMPATH\BaseModel.php(1203): CodeIgniter\Model->countAllResults(false)
 4 APPPATH\Controllers\Ventas.php(166): CodeIgniter\BaseModel->paginate(10)
 5 SYSTEMPATH\CodeIgniter.php(919): App\Controllers\Ventas->index()
 6 SYSTEMPATH\CodeIgniter.php(494): CodeIgniter\CodeIgniter->runController(Object(App\Controllers\Ventas))
 7 SYSTEMPATH\CodeIgniter.php(353): CodeIgniter\CodeIgniter->handleRequest(null, Object(Config\Cache), false)
 8 FCPATH\index.php(79): CodeIgniter\CodeIgniter->run()
ERROR - 2024-11-20 20:31:09 --> mysqli_sql_exception: Table 'bddproyecto.clientes' doesn't exist in C:\xampp\htdocs\code4\system\Database\MySQLi\Connection.php:306
Stack trace:
#0 C:\xampp\htdocs\code4\system\Database\MySQLi\Connection.php(306): mysqli->query('SELECT COUNT(*)...', 0)
#1 C:\xampp\htdocs\code4\system\Database\BaseConnection.php(692): CodeIgniter\Database\MySQLi\Connection->execute('SELECT COUNT(*)...')
#2 C:\xampp\htdocs\code4\system\Database\BaseConnection.php(606): CodeIgniter\Database\BaseConnection->simpleQuery('SELECT COUNT(*)...')
#3 C:\xampp\htdocs\code4\system\Database\BaseBuilder.php(1699): CodeIgniter\Database\BaseConnection->query('SELECT COUNT(*)...', Array, false)
#4 C:\xampp\htdocs\code4\system\Model.php(599): CodeIgniter\Database\BaseBuilder->countAllResults(false)
#5 C:\xampp\htdocs\code4\system\BaseModel.php(1203): CodeIgniter\Model->countAllResults(false)
#6 C:\xampp\htdocs\code4\app\Controllers\Ventas.php(166): CodeIgniter\BaseModel->paginate(10)
#7 C:\xampp\htdocs\code4\system\CodeIgniter.php(919): App\Controllers\Ventas->index()
#8 C:\xampp\htdocs\code4\system\CodeIgniter.php(494): CodeIgniter\CodeIgniter->runController(Object(App\Controllers\Ventas))
#9 C:\xampp\htdocs\code4\system\CodeIgniter.php(353): CodeIgniter\CodeIgniter->handleRequest(NULL, Object(Config\Cache), false)
#10 C:\xampp\htdocs\code4\public\index.php(79): CodeIgniter\CodeIgniter->run()
#11 {main}
CRITICAL - 2024-11-20 20:31:09 --> Table 'bddproyecto.clientes' doesn't exist
in SYSTEMPATH\Database\BaseConnection.php on line 646.
 1 SYSTEMPATH\Database\BaseBuilder.php(1699): CodeIgniter\Database\BaseConnection->query('SELECT COUNT(*) AS `numrows`
FROM `venta`
LEFT JOIN `clientes` ON `clientes`.`id` = `ventas`.`idCliente`
WHERE `ventas`.`estado` = :ventas.estado:', [...], false)
 2 SYSTEMPATH\Model.php(599): CodeIgniter\Database\BaseBuilder->countAllResults(false)
 3 SYSTEMPATH\BaseModel.php(1203): CodeIgniter\Model->countAllResults(false)
 4 APPPATH\Controllers\Ventas.php(166): CodeIgniter\BaseModel->paginate(10)
 5 SYSTEMPATH\CodeIgniter.php(919): App\Controllers\Ventas->index()
 6 SYSTEMPATH\CodeIgniter.php(494): CodeIgniter\CodeIgniter->runController(Object(App\Controllers\Ventas))
 7 SYSTEMPATH\CodeIgniter.php(353): CodeIgniter\CodeIgniter->handleRequest(null, Object(Config\Cache), false)
 8 FCPATH\index.php(79): CodeIgniter\CodeIgniter->run()
ERROR - 2024-11-20 20:31:10 --> mysqli_sql_exception: Table 'bddproyecto.clientes' doesn't exist in C:\xampp\htdocs\code4\system\Database\MySQLi\Connection.php:306
Stack trace:
#0 C:\xampp\htdocs\code4\system\Database\MySQLi\Connection.php(306): mysqli->query('SELECT COUNT(*)...', 0)
#1 C:\xampp\htdocs\code4\system\Database\BaseConnection.php(692): CodeIgniter\Database\MySQLi\Connection->execute('SELECT COUNT(*)...')
#2 C:\xampp\htdocs\code4\system\Database\BaseConnection.php(606): CodeIgniter\Database\BaseConnection->simpleQuery('SELECT COUNT(*)...')
#3 C:\xampp\htdocs\code4\system\Database\BaseBuilder.php(1699): CodeIgniter\Database\BaseConnection->query('SELECT COUNT(*)...', Array, false)
#4 C:\xampp\htdocs\code4\system\Model.php(599): CodeIgniter\Database\BaseBuilder->countAllResults(false)
#5 C:\xampp\htdocs\code4\system\BaseModel.php(1203): CodeIgniter\Model->countAllResults(false)
#6 C:\xampp\htdocs\code4\app\Controllers\Ventas.php(166): CodeIgniter\BaseModel->paginate(10)
#7 C:\xampp\htdocs\code4\system\CodeIgniter.php(919): App\Controllers\Ventas->index()
#8 C:\xampp\htdocs\code4\system\CodeIgniter.php(494): CodeIgniter\CodeIgniter->runController(Object(App\Controllers\Ventas))
#9 C:\xampp\htdocs\code4\system\CodeIgniter.php(353): CodeIgniter\CodeIgniter->handleRequest(NULL, Object(Config\Cache), false)
#10 C:\xampp\htdocs\code4\public\index.php(79): CodeIgniter\CodeIgniter->run()
#11 {main}
CRITICAL - 2024-11-20 20:31:10 --> Table 'bddproyecto.clientes' doesn't exist
in SYSTEMPATH\Database\BaseConnection.php on line 646.
 1 SYSTEMPATH\Database\BaseBuilder.php(1699): CodeIgniter\Database\BaseConnection->query('SELECT COUNT(*) AS `numrows`
FROM `venta`
LEFT JOIN `clientes` ON `clientes`.`id` = `ventas`.`idCliente`
WHERE `ventas`.`estado` = :ventas.estado:', [...], false)
 2 SYSTEMPATH\Model.php(599): CodeIgniter\Database\BaseBuilder->countAllResults(false)
 3 SYSTEMPATH\BaseModel.php(1203): CodeIgniter\Model->countAllResults(false)
 4 APPPATH\Controllers\Ventas.php(166): CodeIgniter\BaseModel->paginate(10)
 5 SYSTEMPATH\CodeIgniter.php(919): App\Controllers\Ventas->index()
 6 SYSTEMPATH\CodeIgniter.php(494): CodeIgniter\CodeIgniter->runController(Object(App\Controllers\Ventas))
 7 SYSTEMPATH\CodeIgniter.php(353): CodeIgniter\CodeIgniter->handleRequest(null, Object(Config\Cache), false)
 8 FCPATH\index.php(79): CodeIgniter\CodeIgniter->run()
ERROR - 2024-11-20 20:31:11 --> mysqli_sql_exception: Table 'bddproyecto.clientes' doesn't exist in C:\xampp\htdocs\code4\system\Database\MySQLi\Connection.php:306
Stack trace:
#0 C:\xampp\htdocs\code4\system\Database\MySQLi\Connection.php(306): mysqli->query('SELECT COUNT(*)...', 0)
#1 C:\xampp\htdocs\code4\system\Database\BaseConnection.php(692): CodeIgniter\Database\MySQLi\Connection->execute('SELECT COUNT(*)...')
#2 C:\xampp\htdocs\code4\system\Database\BaseConnection.php(606): CodeIgniter\Database\BaseConnection->simpleQuery('SELECT COUNT(*)...')
#3 C:\xampp\htdocs\code4\system\Database\BaseBuilder.php(1699): CodeIgniter\Database\BaseConnection->query('SELECT COUNT(*)...', Array, false)
#4 C:\xampp\htdocs\code4\system\Model.php(599): CodeIgniter\Database\BaseBuilder->countAllResults(false)
#5 C:\xampp\htdocs\code4\system\BaseModel.php(1203): CodeIgniter\Model->countAllResults(false)
#6 C:\xampp\htdocs\code4\app\Controllers\Ventas.php(166): CodeIgniter\BaseModel->paginate(10)
#7 C:\xampp\htdocs\code4\system\CodeIgniter.php(919): App\Controllers\Ventas->index()
#8 C:\xampp\htdocs\code4\system\CodeIgniter.php(494): CodeIgniter\CodeIgniter->runController(Object(App\Controllers\Ventas))
#9 C:\xampp\htdocs\code4\system\CodeIgniter.php(353): CodeIgniter\CodeIgniter->handleRequest(NULL, Object(Config\Cache), false)
#10 C:\xampp\htdocs\code4\public\index.php(79): CodeIgniter\CodeIgniter->run()
#11 {main}
CRITICAL - 2024-11-20 20:31:11 --> Table 'bddproyecto.clientes' doesn't exist
in SYSTEMPATH\Database\BaseConnection.php on line 646.
 1 SYSTEMPATH\Database\BaseBuilder.php(1699): CodeIgniter\Database\BaseConnection->query('SELECT COUNT(*) AS `numrows`
FROM `venta`
LEFT JOIN `clientes` ON `clientes`.`id` = `ventas`.`idCliente`
WHERE `ventas`.`estado` = :ventas.estado:', [...], false)
 2 SYSTEMPATH\Model.php(599): CodeIgniter\Database\BaseBuilder->countAllResults(false)
 3 SYSTEMPATH\BaseModel.php(1203): CodeIgniter\Model->countAllResults(false)
 4 APPPATH\Controllers\Ventas.php(166): CodeIgniter\BaseModel->paginate(10)
 5 SYSTEMPATH\CodeIgniter.php(919): App\Controllers\Ventas->index()
 6 SYSTEMPATH\CodeIgniter.php(494): CodeIgniter\CodeIgniter->runController(Object(App\Controllers\Ventas))
 7 SYSTEMPATH\CodeIgniter.php(353): CodeIgniter\CodeIgniter->handleRequest(null, Object(Config\Cache), false)
 8 FCPATH\index.php(79): CodeIgniter\CodeIgniter->run()
ERROR - 2024-11-20 20:31:11 --> mysqli_sql_exception: Table 'bddproyecto.clientes' doesn't exist in C:\xampp\htdocs\code4\system\Database\MySQLi\Connection.php:306
Stack trace:
#0 C:\xampp\htdocs\code4\system\Database\MySQLi\Connection.php(306): mysqli->query('SELECT COUNT(*)...', 0)
#1 C:\xampp\htdocs\code4\system\Database\BaseConnection.php(692): CodeIgniter\Database\MySQLi\Connection->execute('SELECT COUNT(*)...')
#2 C:\xampp\htdocs\code4\system\Database\BaseConnection.php(606): CodeIgniter\Database\BaseConnection->simpleQuery('SELECT COUNT(*)...')
#3 C:\xampp\htdocs\code4\system\Database\BaseBuilder.php(1699): CodeIgniter\Database\BaseConnection->query('SELECT COUNT(*)...', Array, false)
#4 C:\xampp\htdocs\code4\system\Model.php(599): CodeIgniter\Database\BaseBuilder->countAllResults(false)
#5 C:\xampp\htdocs\code4\system\BaseModel.php(1203): CodeIgniter\Model->countAllResults(false)
#6 C:\xampp\htdocs\code4\app\Controllers\Ventas.php(166): CodeIgniter\BaseModel->paginate(10)
#7 C:\xampp\htdocs\code4\system\CodeIgniter.php(919): App\Controllers\Ventas->index()
#8 C:\xampp\htdocs\code4\system\CodeIgniter.php(494): CodeIgniter\CodeIgniter->runController(Object(App\Controllers\Ventas))
#9 C:\xampp\htdocs\code4\system\CodeIgniter.php(353): CodeIgniter\CodeIgniter->handleRequest(NULL, Object(Config\Cache), false)
#10 C:\xampp\htdocs\code4\public\index.php(79): CodeIgniter\CodeIgniter->run()
#11 {main}
CRITICAL - 2024-11-20 20:31:11 --> Table 'bddproyecto.clientes' doesn't exist
in SYSTEMPATH\Database\BaseConnection.php on line 646.
 1 SYSTEMPATH\Database\BaseBuilder.php(1699): CodeIgniter\Database\BaseConnection->query('SELECT COUNT(*) AS `numrows`
FROM `venta`
LEFT JOIN `clientes` ON `clientes`.`id` = `ventas`.`idCliente`
WHERE `ventas`.`estado` = :ventas.estado:', [...], false)
 2 SYSTEMPATH\Model.php(599): CodeIgniter\Database\BaseBuilder->countAllResults(false)
 3 SYSTEMPATH\BaseModel.php(1203): CodeIgniter\Model->countAllResults(false)
 4 APPPATH\Controllers\Ventas.php(166): CodeIgniter\BaseModel->paginate(10)
 5 SYSTEMPATH\CodeIgniter.php(919): App\Controllers\Ventas->index()
 6 SYSTEMPATH\CodeIgniter.php(494): CodeIgniter\CodeIgniter->runController(Object(App\Controllers\Ventas))
 7 SYSTEMPATH\CodeIgniter.php(353): CodeIgniter\CodeIgniter->handleRequest(null, Object(Config\Cache), false)
 8 FCPATH\index.php(79): CodeIgniter\CodeIgniter->run()
ERROR - 2024-11-20 20:31:11 --> mysqli_sql_exception: Table 'bddproyecto.clientes' doesn't exist in C:\xampp\htdocs\code4\system\Database\MySQLi\Connection.php:306
Stack trace:
#0 C:\xampp\htdocs\code4\system\Database\MySQLi\Connection.php(306): mysqli->query('SELECT COUNT(*)...', 0)
#1 C:\xampp\htdocs\code4\system\Database\BaseConnection.php(692): CodeIgniter\Database\MySQLi\Connection->execute('SELECT COUNT(*)...')
#2 C:\xampp\htdocs\code4\system\Database\BaseConnection.php(606): CodeIgniter\Database\BaseConnection->simpleQuery('SELECT COUNT(*)...')
#3 C:\xampp\htdocs\code4\system\Database\BaseBuilder.php(1699): CodeIgniter\Database\BaseConnection->query('SELECT COUNT(*)...', Array, false)
#4 C:\xampp\htdocs\code4\system\Model.php(599): CodeIgniter\Database\BaseBuilder->countAllResults(false)
#5 C:\xampp\htdocs\code4\system\BaseModel.php(1203): CodeIgniter\Model->countAllResults(false)
#6 C:\xampp\htdocs\code4\app\Controllers\Ventas.php(166): CodeIgniter\BaseModel->paginate(10)
#7 C:\xampp\htdocs\code4\system\CodeIgniter.php(919): App\Controllers\Ventas->index()
#8 C:\xampp\htdocs\code4\system\CodeIgniter.php(494): CodeIgniter\CodeIgniter->runController(Object(App\Controllers\Ventas))
#9 C:\xampp\htdocs\code4\system\CodeIgniter.php(353): CodeIgniter\CodeIgniter->handleRequest(NULL, Object(Config\Cache), false)
#10 C:\xampp\htdocs\code4\public\index.php(79): CodeIgniter\CodeIgniter->run()
#11 {main}
CRITICAL - 2024-11-20 20:31:11 --> Table 'bddproyecto.clientes' doesn't exist
in SYSTEMPATH\Database\BaseConnection.php on line 646.
 1 SYSTEMPATH\Database\BaseBuilder.php(1699): CodeIgniter\Database\BaseConnection->query('SELECT COUNT(*) AS `numrows`
FROM `venta`
LEFT JOIN `clientes` ON `clientes`.`id` = `ventas`.`idCliente`
WHERE `ventas`.`estado` = :ventas.estado:', [...], false)
 2 SYSTEMPATH\Model.php(599): CodeIgniter\Database\BaseBuilder->countAllResults(false)
 3 SYSTEMPATH\BaseModel.php(1203): CodeIgniter\Model->countAllResults(false)
 4 APPPATH\Controllers\Ventas.php(166): CodeIgniter\BaseModel->paginate(10)
 5 SYSTEMPATH\CodeIgniter.php(919): App\Controllers\Ventas->index()
 6 SYSTEMPATH\CodeIgniter.php(494): CodeIgniter\CodeIgniter->runController(Object(App\Controllers\Ventas))
 7 SYSTEMPATH\CodeIgniter.php(353): CodeIgniter\CodeIgniter->handleRequest(null, Object(Config\Cache), false)
 8 FCPATH\index.php(79): CodeIgniter\CodeIgniter->run()
ERROR - 2024-11-20 20:31:12 --> mysqli_sql_exception: Table 'bddproyecto.clientes' doesn't exist in C:\xampp\htdocs\code4\system\Database\MySQLi\Connection.php:306
Stack trace:
#0 C:\xampp\htdocs\code4\system\Database\MySQLi\Connection.php(306): mysqli->query('SELECT COUNT(*)...', 0)
#1 C:\xampp\htdocs\code4\system\Database\BaseConnection.php(692): CodeIgniter\Database\MySQLi\Connection->execute('SELECT COUNT(*)...')
#2 C:\xampp\htdocs\code4\system\Database\BaseConnection.php(606): CodeIgniter\Database\BaseConnection->simpleQuery('SELECT COUNT(*)...')
#3 C:\xampp\htdocs\code4\system\Database\BaseBuilder.php(1699): CodeIgniter\Database\BaseConnection->query('SELECT COUNT(*)...', Array, false)
#4 C:\xampp\htdocs\code4\system\Model.php(599): CodeIgniter\Database\BaseBuilder->countAllResults(false)
#5 C:\xampp\htdocs\code4\system\BaseModel.php(1203): CodeIgniter\Model->countAllResults(false)
#6 C:\xampp\htdocs\code4\app\Controllers\Ventas.php(166): CodeIgniter\BaseModel->paginate(10)
#7 C:\xampp\htdocs\code4\system\CodeIgniter.php(919): App\Controllers\Ventas->index()
#8 C:\xampp\htdocs\code4\system\CodeIgniter.php(494): CodeIgniter\CodeIgniter->runController(Object(App\Controllers\Ventas))
#9 C:\xampp\htdocs\code4\system\CodeIgniter.php(353): CodeIgniter\CodeIgniter->handleRequest(NULL, Object(Config\Cache), false)
#10 C:\xampp\htdocs\code4\public\index.php(79): CodeIgniter\CodeIgniter->run()
#11 {main}
CRITICAL - 2024-11-20 20:31:12 --> Table 'bddproyecto.clientes' doesn't exist
in SYSTEMPATH\Database\BaseConnection.php on line 646.
 1 SYSTEMPATH\Database\BaseBuilder.php(1699): CodeIgniter\Database\BaseConnection->query('SELECT COUNT(*) AS `numrows`
FROM `venta`
LEFT JOIN `clientes` ON `clientes`.`id` = `ventas`.`idCliente`
WHERE `ventas`.`estado` = :ventas.estado:', [...], false)
 2 SYSTEMPATH\Model.php(599): CodeIgniter\Database\BaseBuilder->countAllResults(false)
 3 SYSTEMPATH\BaseModel.php(1203): CodeIgniter\Model->countAllResults(false)
 4 APPPATH\Controllers\Ventas.php(166): CodeIgniter\BaseModel->paginate(10)
 5 SYSTEMPATH\CodeIgniter.php(919): App\Controllers\Ventas->index()
 6 SYSTEMPATH\CodeIgniter.php(494): CodeIgniter\CodeIgniter->runController(Object(App\Controllers\Ventas))
 7 SYSTEMPATH\CodeIgniter.php(353): CodeIgniter\CodeIgniter->handleRequest(null, Object(Config\Cache), false)
 8 FCPATH\index.php(79): CodeIgniter\CodeIgniter->run()
